Grupo,test,TCNO,VG,Decision
GrupoA,w00,0,0,TRUE
GrupoA,w01,0,0,TRUE
GrupoA,w02,0,0,TRUE
GrupoA,w03,0,0,TRUE
GrupoA,w04,0,0,TRUE
GrupoA,w05,0,0,TRUE
GrupoA,w06,0,0,TRUE
GrupoA,w07,0,0,TRUE
GrupoA,w08,0,0,TRUE
GrupoA,w09,0,0,TRUE
GrupoA,w10,1,0,FALSE
GrupoA,w11,1,0,FALSE
GrupoA,w12,1,0,FALSE
GrupoA,w13,1,0,FALSE
GrupoA,w14,0,0,TRUE
GrupoA,w15,0,0,TRUE
GrupoA,w16,0,0,TRUE
GrupoA,w17,0,0,TRUE
GrupoA,w18,0,0,TRUE
GrupoA,w19,0,0,TRUE
GrupoA,w20,0,0,TRUE
GrupoA,w21,0,0,TRUE
GrupoA,w22,1,-1,FALSE
GrupoA,w23,0,0,TRUE
GrupoA,w24,0,0,TRUE
GrupoA,w25,0,0,TRUE
GrupoA,w26,0,0,TRUE
GrupoA,w27,0,0,TRUE
GrupoA,w28,0,0,TRUE
GrupoA,w29,0,0,TRUE
GrupoA,w30,0,0,TRUE
GrupoA,w31,0,0,TRUE
GrupoA,w32,0,0,TRUE
GrupoA,w33,0,0,TRUE
GrupoA,w34,0,0,TRUE
GrupoA,w35,0,0,TRUE
GrupoA,w36,0,0,TRUE
GrupoA,w37,1,0,FALSE
GrupoA,w38,0,0,TRUE
GrupoA,w39,1,0,FALSE
GrupoA,w40,0,0,TRUE
GrupoA,w41,0,0,TRUE
GrupoA,w42,0,0,TRUE
GrupoA,w43,0,0,TRUE
GrupoA,w44,0,0,TRUE
GrupoA,w45,0,0,TRUE
GrupoA,w46,0,0,TRUE
GrupoA,w47,0,0,TRUE
GrupoA,w48,0,0,TRUE
GrupoA,w49,0,0,TRUE
GrupoA,w50,0,0,TRUE
GrupoA,w51,0,0,TRUE
GrupoA,w52,0,0,TRUE
GrupoA,w53,0,0,TRUE
GrupoA,w54,0,0,TRUE
GrupoA,w55,0,0,TRUE
GrupoA,w56,0,0,TRUE
GrupoA,w57,0,0,TRUE
GrupoA,w58,0,0,TRUE
GrupoA,w59,0,0,TRUE
GrupoA,w60,0,0,TRUE
GrupoA,w61,0,0,TRUE
GrupoA,w62,0,0,TRUE
GrupoA,w63,1,0,FALSE
GrupoA,w64,0,0,TRUE
GrupoA,w65,1,0,FALSE
GrupoA,w66,0,0,TRUE
GrupoA,w67,1,0,FALSE
GrupoA,w68,0,0,TRUE
GrupoA,w69,0,0,TRUE
GrupoA,w70,0,0,TRUE
GrupoA,w71,0,0,TRUE
GrupoA,w72,1,0,FALSE
GrupoA,w73,0,0,TRUE
GrupoA,w74,0,0,TRUE
GrupoA,w75,0,0,TRUE
GrupoA,w76,0,0,TRUE
GrupoA,w77,0,0,TRUE
GrupoA,w78,1,0,FALSE
GrupoB,w00,0,0,TRUE
GrupoB,w01,1,120,FALSE
GrupoB,w02,1,146,FALSE
GrupoB,w03,1,254,FALSE
GrupoB,w04,1,280,FALSE
GrupoB,w05,0,18,FALSE
GrupoB,w06,0,179,FALSE
GrupoB,w07,0,24,FALSE
GrupoB,w08,1,114,FALSE
GrupoB,w09,1,380,FALSE
GrupoB,w10,1,330,FALSE
GrupoB,w11,1,307,FALSE
GrupoB,w12,1,330,FALSE
GrupoB,w13,1,307,FALSE
GrupoB,w14,0,21,FALSE
GrupoB,w15,0,16,FALSE
GrupoB,w16,0,22,FALSE
GrupoB,w17,0,34,FALSE
GrupoB,w18,1,78,FALSE
GrupoB,w19,1,54,FALSE
GrupoB,w20,1,98,FALSE
GrupoB,w21,1,92,FALSE
GrupoB,w22,0,34,FALSE
GrupoB,w23,1,166,FALSE
GrupoB,w24,1,82,FALSE
GrupoB,w25,1,142,FALSE
GrupoB,w26,1,176,FALSE
GrupoB,w27,1,118,FALSE
GrupoB,w28,0,18,FALSE
GrupoB,w29,0,8,FALSE
GrupoB,w30,1,30,FALSE
GrupoB,w31,0,28,FALSE
GrupoB,w32,0,36,FALSE
GrupoB,w33,0,185,FALSE
GrupoB,w34,0,185,FALSE
GrupoB,w35,0,48,FALSE
GrupoB,w36,0,48,FALSE
GrupoB,w37,0,48,FALSE
GrupoB,w38,0,48,FALSE
GrupoB,w39,0,72,FALSE
GrupoB,w40,0,28,FALSE
GrupoB,w41,0,28,FALSE
GrupoB,w42,0,28,FALSE
GrupoB,w43,0,28,FALSE
GrupoB,w44,0,28,FALSE
GrupoB,w45,0,28,FALSE
GrupoB,w46,0,36,FALSE
GrupoB,w47,0,36,FALSE
GrupoB,w48,0,36,FALSE
GrupoB,w49,0,36,FALSE
GrupoB,w50,0,76,FALSE
GrupoB,w51,0,76,FALSE
GrupoB,w52,0,76,FALSE
GrupoB,w53,0,76,FALSE
GrupoB,w54,0,36,FALSE
GrupoB,w55,139,-1,FALSE
GrupoB,w56,0,76,FALSE
GrupoB,w57,0,76,FALSE
GrupoB,w58,0,34,FALSE
GrupoB,w59,0,34,FALSE
GrupoB,w60,0,34,FALSE
GrupoB,w61,0,48,FALSE
GrupoB,w62,0,48,FALSE
GrupoB,w63,1,297,FALSE
GrupoB,w64,1,280,FALSE
GrupoB,w65,1,276,FALSE
GrupoB,w66,1,272,FALSE
GrupoB,w67,1,276,FALSE
GrupoB,w68,1,260,FALSE
GrupoB,w69,0,4,FALSE
GrupoB,w70,1,559,FALSE
GrupoB,w71,1,235,FALSE
GrupoB,w72,0,50,FALSE
GrupoB,w73,0,48,FALSE
GrupoB,w74,0,253,FALSE
GrupoB,w75,1,157,FALSE
GrupoB,w76,0,334,FALSE
GrupoB,w77,0,69,FALSE
GrupoB,w78,0,77,FALSE
GrupoC,w00,0,0,TRUE
GrupoC,w01,0,0,TRUE
GrupoC,w02,0,0,TRUE
GrupoC,w03,0,0,TRUE
GrupoC,w04,0,0,TRUE
GrupoC,w05,0,0,TRUE
GrupoC,w06,0,0,TRUE
GrupoC,w07,0,0,TRUE
GrupoC,w08,0,0,TRUE
GrupoC,w09,0,0,TRUE
GrupoC,w10,0,0,TRUE
GrupoC,w11,0,0,TRUE
GrupoC,w12,0,0,TRUE
GrupoC,w13,0,0,TRUE
GrupoC,w14,0,0,TRUE
GrupoC,w15,0,0,TRUE
GrupoC,w16,0,0,TRUE
GrupoC,w17,0,0,TRUE
GrupoC,w18,0,0,TRUE
GrupoC,w19,0,0,TRUE
GrupoC,w20,0,0,TRUE
GrupoC,w21,0,0,TRUE
GrupoC,w22,0,0,TRUE
GrupoC,w23,0,0,TRUE
GrupoC,w24,0,0,TRUE
GrupoC,w25,0,0,TRUE
GrupoC,w26,0,0,TRUE
GrupoC,w27,0,0,TRUE
GrupoC,w28,0,0,TRUE
GrupoC,w29,0,0,TRUE
GrupoC,w30,0,0,TRUE
GrupoC,w31,0,0,TRUE
GrupoC,w32,0,0,TRUE
GrupoC,w33,0,0,TRUE
GrupoC,w34,0,0,TRUE
GrupoC,w35,0,0,TRUE
GrupoC,w36,0,0,TRUE
GrupoC,w37,0,0,TRUE
GrupoC,w38,0,0,TRUE
GrupoC,w39,0,0,TRUE
GrupoC,w40,0,0,TRUE
GrupoC,w41,0,0,TRUE
GrupoC,w42,0,0,TRUE
GrupoC,w43,0,0,TRUE
GrupoC,w44,0,0,TRUE
GrupoC,w45,0,0,TRUE
GrupoC,w46,0,0,TRUE
GrupoC,w47,0,0,TRUE
GrupoC,w48,0,0,TRUE
GrupoC,w49,0,0,TRUE
GrupoC,w50,0,0,TRUE
GrupoC,w51,0,0,TRUE
GrupoC,w52,0,0,TRUE
GrupoC,w53,0,0,TRUE
GrupoC,w54,0,0,TRUE
GrupoC,w55,0,0,TRUE
GrupoC,w56,0,0,TRUE
GrupoC,w57,0,0,TRUE
GrupoC,w58,0,0,TRUE
GrupoC,w59,0,0,TRUE
GrupoC,w60,0,0,TRUE
GrupoC,w61,0,0,TRUE
GrupoC,w62,0,0,TRUE
GrupoC,w63,0,0,TRUE
GrupoC,w64,0,0,TRUE
GrupoC,w65,0,0,TRUE
GrupoC,w66,0,0,TRUE
GrupoC,w67,0,0,TRUE
GrupoC,w68,1,-1,FALSE
GrupoC,w69,0,0,TRUE
GrupoC,w70,0,0,TRUE
GrupoC,w71,0,0,TRUE
GrupoC,w72,0,0,TRUE
GrupoC,w73,0,0,TRUE
GrupoC,w74,0,0,TRUE
GrupoC,w75,0,0,TRUE
GrupoC,w76,0,0,TRUE
GrupoC,w77,0,0,TRUE
GrupoC,w78,0,0,TRUE
GrupoD,w00,0,0,TRUE
GrupoD,w01,1,76,FALSE
GrupoD,w02,1,1563,FALSE
GrupoD,w03,1,697,FALSE
GrupoD,w04,1,27,FALSE
GrupoD,w05,1,362,FALSE
GrupoD,w06,1,55,FALSE
GrupoD,w07,1,232,FALSE
GrupoD,w08,1,233,FALSE
GrupoD,w09,1,1897,FALSE
GrupoD,w10,1,36,FALSE
GrupoD,w11,1,54,FALSE
GrupoD,w12,1,36,FALSE
GrupoD,w13,1,54,FALSE
GrupoD,w14,1,22,FALSE
GrupoD,w15,1,22,FALSE
GrupoD,w16,1,22,FALSE
GrupoD,w17,1,655,FALSE
GrupoD,w18,1,1057,FALSE
GrupoD,w19,1,1063,FALSE
GrupoD,w20,1,1465,FALSE
GrupoD,w21,1,1846,FALSE
GrupoD,w22,1,648,FALSE
GrupoD,w23,1,1865,FALSE
GrupoD,w24,1,1065,FALSE
GrupoD,w25,1,1871,FALSE
GrupoD,w26,1,2646,FALSE
GrupoD,w27,1,1448,FALSE
GrupoD,w28,1,374,FALSE
GrupoD,w29,0,38,FALSE
GrupoD,w30,1,763,FALSE
GrupoD,w31,1,506,FALSE
GrupoD,w32,1,646,FALSE
GrupoD,w33,1,652,FALSE
GrupoD,w34,1,652,FALSE
GrupoD,w35,1,920,FALSE
GrupoD,w36,1,920,FALSE
GrupoD,w37,1,920,FALSE
GrupoD,w38,1,920,FALSE
GrupoD,w39,1,1468,FALSE
GrupoD,w40,1,506,FALSE
GrupoD,w41,1,506,FALSE
GrupoD,w42,1,506,FALSE
GrupoD,w43,1,506,FALSE
GrupoD,w44,1,506,FALSE
GrupoD,w45,1,506,FALSE
GrupoD,w46,1,646,FALSE
GrupoD,w47,1,646,FALSE
GrupoD,w48,1,646,FALSE
GrupoD,w49,1,646,FALSE
GrupoD,w50,1,646,FALSE
GrupoD,w51,1,646,FALSE
GrupoD,w52,1,646,FALSE
GrupoD,w53,1,646,FALSE
GrupoD,w54,1,646,FALSE
GrupoD,w55,1,646,FALSE
GrupoD,w56,1,646,FALSE
GrupoD,w57,1,646,FALSE
GrupoD,w58,1,770,FALSE
GrupoD,w59,1,770,FALSE
GrupoD,w60,1,770,FALSE
GrupoD,w61,1,928,FALSE
GrupoD,w62,1,928,FALSE
GrupoD,w63,2,38,FALSE
GrupoD,w64,1,27,FALSE
GrupoD,w65,1,3834,FALSE
GrupoD,w66,1,4496,FALSE
GrupoD,w67,1,3834,FALSE
GrupoD,w68,1,90,FALSE
GrupoD,w69,0,54,FALSE
GrupoD,w70,1,38,FALSE
GrupoD,w71,1,1318,FALSE
GrupoD,w72,1,1176,FALSE
GrupoD,w73,1,58,FALSE
GrupoD,w74,1,1459,FALSE
GrupoD,w75,1,82,FALSE
GrupoD,w76,0,81,FALSE
GrupoD,w77,1,49,FALSE
GrupoD,w78,1,55,FALSE
GrupoE,w00,0,0,TRUE
GrupoE,w01,0,0,TRUE
GrupoE,w02,0,0,TRUE
GrupoE,w03,0,0,TRUE
GrupoE,w04,0,0,TRUE
GrupoE,w05,0,0,TRUE
GrupoE,w06,0,0,TRUE
GrupoE,w07,0,0,TRUE
GrupoE,w08,0,0,TRUE
GrupoE,w09,0,0,TRUE
GrupoE,w10,0,0,TRUE
GrupoE,w11,0,0,TRUE
GrupoE,w12,0,0,TRUE
GrupoE,w13,0,0,TRUE
GrupoE,w14,0,0,TRUE
GrupoE,w15,0,0,TRUE
GrupoE,w16,0,0,TRUE
GrupoE,w17,0,0,TRUE
GrupoE,w18,0,0,TRUE
GrupoE,w19,0,0,TRUE
GrupoE,w20,0,0,TRUE
GrupoE,w21,0,0,TRUE
GrupoE,w22,0,0,TRUE
GrupoE,w23,0,0,TRUE
GrupoE,w24,0,0,TRUE
GrupoE,w25,0,0,TRUE
GrupoE,w26,0,0,TRUE
GrupoE,w27,0,0,TRUE
GrupoE,w28,0,0,TRUE
GrupoE,w29,0,0,TRUE
GrupoE,w30,0,0,TRUE
GrupoE,w31,0,0,TRUE
GrupoE,w32,0,0,TRUE
GrupoE,w33,0,0,TRUE
GrupoE,w34,0,0,TRUE
GrupoE,w35,0,0,TRUE
GrupoE,w36,0,0,TRUE
GrupoE,w37,0,0,TRUE
GrupoE,w38,0,0,TRUE
GrupoE,w39,0,0,TRUE
GrupoE,w40,0,0,TRUE
GrupoE,w41,0,0,TRUE
GrupoE,w42,0,0,TRUE
GrupoE,w43,0,0,TRUE
GrupoE,w44,0,0,TRUE
GrupoE,w45,0,0,TRUE
GrupoE,w46,0,0,TRUE
GrupoE,w47,0,0,TRUE
GrupoE,w48,0,0,TRUE
GrupoE,w49,0,0,TRUE
GrupoE,w50,0,0,TRUE
GrupoE,w51,0,0,TRUE
GrupoE,w52,0,0,TRUE
GrupoE,w53,0,0,TRUE
GrupoE,w54,0,0,TRUE
GrupoE,w55,0,0,TRUE
GrupoE,w56,0,0,TRUE
GrupoE,w57,0,0,TRUE
GrupoE,w58,0,0,TRUE
GrupoE,w59,0,0,TRUE
GrupoE,w60,0,0,TRUE
GrupoE,w61,0,0,TRUE
GrupoE,w62,0,0,TRUE
GrupoE,w63,0,0,TRUE
GrupoE,w64,0,0,TRUE
GrupoE,w65,0,0,TRUE
GrupoE,w66,0,0,TRUE
GrupoE,w67,0,0,TRUE
GrupoE,w68,0,0,TRUE
GrupoE,w69,0,0,TRUE
GrupoE,w70,0,0,TRUE
GrupoE,w71,0,0,TRUE
GrupoE,w72,0,0,TRUE
GrupoE,w73,0,0,TRUE
GrupoE,w74,0,0,TRUE
GrupoE,w75,0,0,TRUE
GrupoE,w76,0,0,TRUE
GrupoE,w77,0,0,TRUE
GrupoE,w78,0,0,TRUE
GrupoG,w00,1,-1,FALSE
GrupoG,w01,1,-1,FALSE
GrupoG,w02,1,-1,FALSE
GrupoG,w03,1,-1,FALSE
GrupoG,w04,1,-1,FALSE
GrupoG,w05,1,-1,FALSE
GrupoG,w06,1,-1,FALSE
GrupoG,w07,1,-1,FALSE
GrupoG,w08,1,-1,FALSE
GrupoG,w09,1,-1,FALSE
GrupoG,w10,1,-1,FALSE
GrupoG,w11,1,-1,FALSE
GrupoG,w12,1,-1,FALSE
GrupoG,w13,1,-1,FALSE
GrupoG,w14,1,-1,FALSE
GrupoG,w15,1,-1,FALSE
GrupoG,w16,1,-1,FALSE
GrupoG,w17,1,-1,FALSE
GrupoG,w18,1,-1,FALSE
GrupoG,w19,1,-1,FALSE
GrupoG,w20,1,-1,FALSE
GrupoG,w21,1,-1,FALSE
GrupoG,w22,1,-1,FALSE
GrupoG,w23,1,-1,FALSE
GrupoG,w24,1,-1,FALSE
GrupoG,w25,1,-1,FALSE
GrupoG,w26,1,-1,FALSE
GrupoG,w27,1,-1,FALSE
GrupoG,w28,1,-1,FALSE
GrupoG,w29,1,-1,FALSE
GrupoG,w30,1,-1,FALSE
GrupoG,w31,1,-1,FALSE
GrupoG,w32,1,-1,FALSE
GrupoG,w33,1,-1,FALSE
GrupoG,w34,1,-1,FALSE
GrupoG,w35,1,-1,FALSE
GrupoG,w36,1,-1,FALSE
GrupoG,w37,1,-1,FALSE
GrupoG,w38,1,-1,FALSE
GrupoG,w39,1,-1,FALSE
GrupoG,w40,1,-1,FALSE
GrupoG,w41,1,-1,FALSE
GrupoG,w42,1,-1,FALSE
GrupoG,w43,1,-1,FALSE
GrupoG,w44,1,-1,FALSE
GrupoG,w45,1,-1,FALSE
GrupoG,w46,1,-1,FALSE
GrupoG,w47,1,-1,FALSE
GrupoG,w48,1,-1,FALSE
GrupoG,w49,1,-1,FALSE
GrupoG,w50,1,-1,FALSE
GrupoG,w51,1,-1,FALSE
GrupoG,w52,1,-1,FALSE
GrupoG,w53,1,-1,FALSE
GrupoG,w54,1,-1,FALSE
GrupoG,w55,1,-1,FALSE
GrupoG,w56,1,-1,FALSE
GrupoG,w57,1,-1,FALSE
GrupoG,w58,1,-1,FALSE
GrupoG,w59,1,-1,FALSE
GrupoG,w60,1,-1,FALSE
GrupoG,w61,1,-1,FALSE
GrupoG,w62,1,-1,FALSE
GrupoG,w63,1,-1,FALSE
GrupoG,w64,1,-1,FALSE
GrupoG,w65,1,-1,FALSE
GrupoG,w66,1,-1,FALSE
GrupoG,w67,1,-1,FALSE
GrupoG,w68,1,-1,FALSE
GrupoG,w69,1,-1,FALSE
GrupoG,w70,1,-1,FALSE
GrupoG,w71,1,-1,FALSE
GrupoG,w72,1,-1,FALSE
GrupoG,w73,1,-1,FALSE
GrupoG,w74,1,-1,FALSE
GrupoG,w75,1,-1,FALSE
GrupoG,w76,1,-1,FALSE
GrupoG,w77,1,-1,FALSE
GrupoG,w78,1,-1,FALSE
GrupoH,w00,0,0,TRUE
GrupoH,w01,0,0,TRUE
GrupoH,w02,0,0,TRUE
GrupoH,w03,0,0,TRUE
GrupoH,w04,0,0,TRUE
GrupoH,w05,0,0,TRUE
GrupoH,w06,0,0,TRUE
GrupoH,w07,0,0,TRUE
GrupoH,w08,0,0,TRUE
GrupoH,w09,0,0,TRUE
GrupoH,w10,0,0,TRUE
GrupoH,w11,0,0,TRUE
GrupoH,w12,0,0,TRUE
GrupoH,w13,0,0,TRUE
GrupoH,w14,0,0,TRUE
GrupoH,w15,0,0,TRUE
GrupoH,w16,0,0,TRUE
GrupoH,w17,0,0,TRUE
GrupoH,w18,0,0,TRUE
GrupoH,w19,0,0,TRUE
GrupoH,w20,0,0,TRUE
GrupoH,w21,0,0,TRUE
GrupoH,w22,0,0,TRUE
GrupoH,w23,0,0,TRUE
GrupoH,w24,0,0,TRUE
GrupoH,w25,0,0,TRUE
GrupoH,w26,0,0,TRUE
GrupoH,w27,0,0,TRUE
GrupoH,w28,0,0,TRUE
GrupoH,w29,0,0,TRUE
GrupoH,w30,0,0,TRUE
GrupoH,w31,0,0,TRUE
GrupoH,w32,0,0,TRUE
GrupoH,w33,0,0,TRUE
GrupoH,w34,0,0,TRUE
GrupoH,w35,0,0,TRUE
GrupoH,w36,0,0,TRUE
GrupoH,w37,0,0,TRUE
GrupoH,w38,0,0,TRUE
GrupoH,w39,0,0,TRUE
GrupoH,w40,0,0,TRUE
GrupoH,w41,0,0,TRUE
GrupoH,w42,0,0,TRUE
GrupoH,w43,0,0,TRUE
GrupoH,w44,0,0,TRUE
GrupoH,w45,0,0,TRUE
GrupoH,w46,0,0,TRUE
GrupoH,w47,0,0,TRUE
GrupoH,w48,0,0,TRUE
GrupoH,w49,0,0,TRUE
GrupoH,w50,0,0,TRUE
GrupoH,w51,0,0,TRUE
GrupoH,w52,0,0,TRUE
GrupoH,w53,0,0,TRUE
GrupoH,w54,0,0,TRUE
GrupoH,w55,0,0,TRUE
GrupoH,w56,0,0,TRUE
GrupoH,w57,0,0,TRUE
GrupoH,w58,0,0,TRUE
GrupoH,w59,0,0,TRUE
GrupoH,w60,0,0,TRUE
GrupoH,w61,0,0,TRUE
GrupoH,w62,0,0,TRUE
GrupoH,w63,0,0,TRUE
GrupoH,w64,0,0,TRUE
GrupoH,w65,0,0,TRUE
GrupoH,w66,0,0,TRUE
GrupoH,w67,0,0,TRUE
GrupoH,w68,0,0,TRUE
GrupoH,w69,0,0,TRUE
GrupoH,w70,0,0,TRUE
GrupoH,w71,0,0,TRUE
GrupoH,w72,0,0,TRUE
GrupoH,w73,0,0,TRUE
GrupoH,w74,0,0,TRUE
GrupoH,w75,0,0,TRUE
GrupoH,w76,0,0,TRUE
GrupoH,w77,0,0,TRUE
GrupoH,w78,0,0,TRUE
GrupoI,w00,0,0,TRUE
GrupoI,w01,0,0,TRUE
GrupoI,w02,0,0,TRUE
GrupoI,w03,0,208,FALSE
GrupoI,w04,0,0,TRUE
GrupoI,w05,0,0,TRUE
GrupoI,w06,0,0,TRUE
GrupoI,w07,0,0,TRUE
GrupoI,w08,0,0,TRUE
GrupoI,w09,0,208,FALSE
GrupoI,w10,0,0,TRUE
GrupoI,w11,0,0,TRUE
GrupoI,w12,0,0,TRUE
GrupoI,w13,0,0,TRUE
GrupoI,w14,1,264,FALSE
GrupoI,w15,0,0,TRUE
GrupoI,w16,0,0,TRUE
GrupoI,w17,0,0,TRUE
GrupoI,w18,0,0,TRUE
GrupoI,w19,0,0,TRUE
GrupoI,w20,0,0,TRUE
GrupoI,w21,0,0,TRUE
GrupoI,w22,0,0,TRUE
GrupoI,w23,0,0,TRUE
GrupoI,w24,0,0,TRUE
GrupoI,w25,0,0,TRUE
GrupoI,w26,0,0,TRUE
GrupoI,w27,0,0,TRUE
GrupoI,w28,0,0,TRUE
GrupoI,w29,0,0,TRUE
GrupoI,w30,1,-1,FALSE
GrupoI,w31,0,0,TRUE
GrupoI,w32,0,0,TRUE
GrupoI,w33,0,0,TRUE
GrupoI,w34,0,0,TRUE
GrupoI,w35,0,0,TRUE
GrupoI,w36,0,0,TRUE
GrupoI,w37,0,0,TRUE
GrupoI,w38,0,0,TRUE
GrupoI,w39,0,0,TRUE
GrupoI,w40,0,0,TRUE
GrupoI,w41,1,-1,FALSE
GrupoI,w42,0,0,TRUE
GrupoI,w43,0,0,TRUE
GrupoI,w44,0,0,TRUE
GrupoI,w45,0,0,TRUE
GrupoI,w46,0,0,TRUE
GrupoI,w47,0,0,TRUE
GrupoI,w48,0,0,TRUE
GrupoI,w49,0,0,TRUE
GrupoI,w50,0,0,TRUE
GrupoI,w51,0,0,TRUE
GrupoI,w52,0,0,TRUE
GrupoI,w53,0,0,TRUE
GrupoI,w54,0,0,TRUE
GrupoI,w55,0,0,TRUE
GrupoI,w56,0,0,TRUE
GrupoI,w57,0,0,TRUE
GrupoI,w58,0,0,TRUE
GrupoI,w59,0,0,TRUE
GrupoI,w60,0,0,TRUE
GrupoI,w61,0,0,TRUE
GrupoI,w62,0,0,TRUE
GrupoI,w63,2,0,FALSE
GrupoI,w64,0,0,TRUE
GrupoI,w65,0,0,TRUE
GrupoI,w66,0,0,TRUE
GrupoI,w67,0,0,TRUE
GrupoI,w68,0,208,FALSE
GrupoI,w69,0,0,TRUE
GrupoI,w70,0,0,TRUE
GrupoI,w71,0,0,TRUE
GrupoI,w72,0,0,TRUE
GrupoI,w73,0,0,TRUE
GrupoI,w74,0,208,FALSE
GrupoI,w75,0,0,TRUE
GrupoI,w76,0,0,TRUE
GrupoI,w77,0,0,TRUE
GrupoI,w78,0,0,TRUE
GrupoJ,w00,0,0,TRUE
GrupoJ,w01,0,0,TRUE
GrupoJ,w02,0,0,TRUE
GrupoJ,w03,1,0,FALSE
GrupoJ,w04,0,0,TRUE
GrupoJ,w05,0,0,TRUE
GrupoJ,w06,0,0,TRUE
GrupoJ,w07,0,0,TRUE
GrupoJ,w08,0,0,TRUE
GrupoJ,w09,1,0,FALSE
GrupoJ,w10,1,3,FALSE
GrupoJ,w11,1,3,FALSE
GrupoJ,w12,1,3,FALSE
GrupoJ,w13,1,3,FALSE
GrupoJ,w14,0,0,TRUE
GrupoJ,w15,0,0,TRUE
GrupoJ,w16,0,0,TRUE
GrupoJ,w17,0,0,TRUE
GrupoJ,w18,0,0,TRUE
GrupoJ,w19,0,0,TRUE
GrupoJ,w20,0,0,TRUE
GrupoJ,w21,0,0,TRUE
GrupoJ,w22,0,0,TRUE
GrupoJ,w23,0,0,TRUE
GrupoJ,w24,0,0,TRUE
GrupoJ,w25,0,0,TRUE
GrupoJ,w26,0,0,TRUE
GrupoJ,w27,0,0,TRUE
GrupoJ,w28,0,0,TRUE
GrupoJ,w29,0,0,TRUE
GrupoJ,w30,0,0,TRUE
GrupoJ,w31,0,0,TRUE
GrupoJ,w32,0,0,TRUE
GrupoJ,w33,0,0,TRUE
GrupoJ,w34,0,0,TRUE
GrupoJ,w35,0,0,TRUE
GrupoJ,w36,0,0,TRUE
GrupoJ,w37,0,0,TRUE
GrupoJ,w38,0,0,TRUE
GrupoJ,w39,0,0,TRUE
GrupoJ,w40,0,0,TRUE
GrupoJ,w41,0,0,TRUE
GrupoJ,w42,0,0,TRUE
GrupoJ,w43,0,0,TRUE
GrupoJ,w44,0,0,TRUE
GrupoJ,w45,0,0,TRUE
GrupoJ,w46,0,0,TRUE
GrupoJ,w47,0,0,TRUE
GrupoJ,w48,0,0,TRUE
GrupoJ,w49,0,0,TRUE
GrupoJ,w50,0,3,FALSE
GrupoJ,w51,0,3,FALSE
GrupoJ,w52,0,3,FALSE
GrupoJ,w53,0,3,FALSE
GrupoJ,w54,0,0,TRUE
GrupoJ,w55,0,0,TRUE
GrupoJ,w56,0,3,FALSE
GrupoJ,w57,0,3,FALSE
GrupoJ,w58,0,0,TRUE
GrupoJ,w59,0,0,TRUE
GrupoJ,w60,0,0,TRUE
GrupoJ,w61,0,0,TRUE
GrupoJ,w62,0,0,TRUE
GrupoJ,w63,0,0,TRUE
GrupoJ,w64,0,0,TRUE
GrupoJ,w65,0,0,TRUE
GrupoJ,w66,0,0,TRUE
GrupoJ,w67,0,0,TRUE
GrupoJ,w68,1,0,FALSE
GrupoJ,w69,0,0,TRUE
GrupoJ,w70,0,0,TRUE
GrupoJ,w71,0,0,TRUE
GrupoJ,w72,0,0,TRUE
GrupoJ,w73,0,0,TRUE
GrupoJ,w74,1,0,FALSE
GrupoJ,w75,0,6,FALSE
GrupoJ,w76,0,0,TRUE
GrupoJ,w77,0,3,FALSE
GrupoJ,w78,0,3,FALSE
GrupoK,w00,0,0,TRUE
GrupoK,w01,2,0,FALSE
GrupoK,w02,0,0,TRUE
GrupoK,w03,2,0,FALSE
GrupoK,w04,0,0,TRUE
GrupoK,w05,0,0,TRUE
GrupoK,w06,0,0,TRUE
GrupoK,w07,0,0,TRUE
GrupoK,w08,0,0,TRUE
GrupoK,w09,2,0,FALSE
GrupoK,w10,0,0,TRUE
GrupoK,w11,0,0,TRUE
GrupoK,w12,0,0,TRUE
GrupoK,w13,0,0,TRUE
GrupoK,w14,0,0,TRUE
GrupoK,w15,0,0,TRUE
GrupoK,w16,0,0,TRUE
GrupoK,w17,0,0,TRUE
GrupoK,w18,0,0,TRUE
GrupoK,w19,0,0,TRUE
GrupoK,w20,0,0,TRUE
GrupoK,w21,0,0,TRUE
GrupoK,w22,0,0,TRUE
GrupoK,w23,0,0,TRUE
GrupoK,w24,0,0,TRUE
GrupoK,w25,0,0,TRUE
GrupoK,w26,0,0,TRUE
GrupoK,w27,0,0,TRUE
GrupoK,w28,0,0,TRUE
GrupoK,w29,2,0,FALSE
GrupoK,w30,0,0,TRUE
GrupoK,w31,0,0,TRUE
GrupoK,w32,0,0,TRUE
GrupoK,w33,0,0,TRUE
GrupoK,w34,0,0,TRUE
GrupoK,w35,0,0,TRUE
GrupoK,w36,0,0,TRUE
GrupoK,w37,0,0,TRUE
GrupoK,w38,0,0,TRUE
GrupoK,w39,0,0,TRUE
GrupoK,w40,0,0,TRUE
GrupoK,w41,0,0,TRUE
GrupoK,w42,0,0,TRUE
GrupoK,w43,0,0,TRUE
GrupoK,w44,0,0,TRUE
GrupoK,w45,0,0,TRUE
GrupoK,w46,0,0,TRUE
GrupoK,w47,0,0,TRUE
GrupoK,w48,0,0,TRUE
GrupoK,w49,0,0,TRUE
GrupoK,w50,0,0,TRUE
GrupoK,w51,0,0,TRUE
GrupoK,w52,0,0,TRUE
GrupoK,w53,0,0,TRUE
GrupoK,w54,0,0,TRUE
GrupoK,w55,0,0,TRUE
GrupoK,w56,0,0,TRUE
GrupoK,w57,0,0,TRUE
GrupoK,w58,0,0,TRUE
GrupoK,w59,0,0,TRUE
GrupoK,w60,0,0,TRUE
GrupoK,w61,0,0,TRUE
GrupoK,w62,0,0,TRUE
GrupoK,w63,0,0,TRUE
GrupoK,w64,1,0,FALSE
GrupoK,w65,0,0,TRUE
GrupoK,w66,0,0,TRUE
GrupoK,w67,0,0,TRUE
GrupoK,w68,2,0,FALSE
GrupoK,w69,2,0,FALSE
GrupoK,w70,0,0,TRUE
GrupoK,w71,0,0,TRUE
GrupoK,w72,0,0,TRUE
GrupoK,w73,0,0,TRUE
GrupoK,w74,0,0,TRUE
GrupoK,w75,2,0,FALSE
GrupoK,w76,2,0,FALSE
GrupoK,w77,2,0,FALSE
GrupoK,w78,2,0,FALSE
GrupoM,w00,2,0,FALSE
GrupoM,w01,0,213,FALSE
GrupoM,w02,0,714,FALSE
GrupoM,w03,0,510,FALSE
GrupoM,w04,0,207,FALSE
GrupoM,w05,0,205,FALSE
GrupoM,w06,0,318,FALSE
GrupoM,w07,0,152,FALSE
GrupoM,w08,0,153,FALSE
GrupoM,w09,0,1017,FALSE
GrupoM,w10,0,380,FALSE
GrupoM,w11,0,322,FALSE
GrupoM,w12,0,380,FALSE
GrupoM,w13,0,322,FALSE
GrupoM,w14,0,153,FALSE
GrupoM,w15,0,93,FALSE
GrupoM,w16,0,96,FALSE
GrupoM,w17,0,320,FALSE
GrupoM,w18,0,489,FALSE
GrupoM,w19,0,489,FALSE
GrupoM,w20,0,658,FALSE
GrupoM,w21,0,826,FALSE
GrupoM,w22,0,321,FALSE
GrupoM,w23,0,829,FALSE
GrupoM,w24,0,491,FALSE
GrupoM,w25,0,829,FALSE
GrupoM,w26,0,1164,FALSE
GrupoM,w27,0,659,FALSE
GrupoM,w28,0,205,FALSE
GrupoM,w29,0,36,FALSE
GrupoM,w30,0,375,FALSE
GrupoM,w31,0,262,FALSE
GrupoM,w32,0,321,FALSE
GrupoM,w33,0,320,FALSE
GrupoM,w34,0,320,FALSE
GrupoM,w35,0,435,FALSE
GrupoM,w36,0,435,FALSE
GrupoM,w37,1,435,FALSE
GrupoM,w38,0,435,FALSE
GrupoM,w39,1,663,FALSE
GrupoM,w40,0,262,FALSE
GrupoM,w41,0,262,FALSE
GrupoM,w42,0,262,FALSE
GrupoM,w43,0,262,FALSE
GrupoM,w44,0,262,FALSE
GrupoM,w45,0,262,FALSE
GrupoM,w46,0,321,FALSE
GrupoM,w47,0,321,FALSE
GrupoM,w48,0,321,FALSE
GrupoM,w49,0,321,FALSE
GrupoM,w50,0,325,FALSE
GrupoM,w51,0,325,FALSE
GrupoM,w52,0,325,FALSE
GrupoM,w53,0,325,FALSE
GrupoM,w54,0,321,FALSE
GrupoM,w55,0,321,FALSE
GrupoM,w56,0,325,FALSE
GrupoM,w57,0,325,FALSE
GrupoM,w58,0,374,FALSE
GrupoM,w59,0,374,FALSE
GrupoM,w60,0,374,FALSE
GrupoM,w61,0,435,FALSE
GrupoM,w62,0,435,FALSE
GrupoM,w63,0,230,FALSE
GrupoM,w64,0,207,FALSE
GrupoM,w65,1,1638,FALSE
GrupoM,w66,0,1921,FALSE
GrupoM,w67,1,1638,FALSE
GrupoM,w68,0,852,FALSE
GrupoM,w69,0,34,FALSE
GrupoM,w70,0,382,FALSE
GrupoM,w71,0,601,FALSE
GrupoM,w72,1,545,FALSE
GrupoM,w73,0,653,FALSE
GrupoM,w74,0,666,FALSE
GrupoM,w75,0,606,FALSE
GrupoM,w76,0,167,FALSE
GrupoM,w77,0,377,FALSE
GrupoM,w78,1,489,FALSE
GrupoN,w00,0,0,TRUE
GrupoN,w01,1,0,FALSE
GrupoN,w02,1,0,FALSE
GrupoN,w03,1,0,FALSE
GrupoN,w04,1,0,FALSE
GrupoN,w05,1,0,FALSE
GrupoN,w06,1,0,FALSE
GrupoN,w07,1,0,FALSE
GrupoN,w08,1,0,FALSE
GrupoN,w09,1,0,FALSE
GrupoN,w10,1,0,FALSE
GrupoN,w11,1,0,FALSE
GrupoN,w12,1,0,FALSE
GrupoN,w13,1,0,FALSE
GrupoN,w14,1,0,FALSE
GrupoN,w15,1,0,FALSE
GrupoN,w16,1,0,FALSE
GrupoN,w17,1,-1,FALSE
GrupoN,w18,1,-1,FALSE
GrupoN,w19,1,-1,FALSE
GrupoN,w20,1,-1,FALSE
GrupoN,w21,1,-1,FALSE
GrupoN,w22,1,-1,FALSE
GrupoN,w23,1,-1,FALSE
GrupoN,w24,1,-1,FALSE
GrupoN,w25,1,-1,FALSE
GrupoN,w26,1,-1,FALSE
GrupoN,w27,1,-1,FALSE
GrupoN,w28,1,-1,FALSE
GrupoN,w29,1,-1,FALSE
GrupoN,w30,1,0,FALSE
GrupoN,w31,1,0,FALSE
GrupoN,w32,1,0,FALSE
GrupoN,w33,1,0,FALSE
GrupoN,w34,1,0,FALSE
GrupoN,w35,1,0,FALSE
GrupoN,w36,1,0,FALSE
GrupoN,w37,1,0,FALSE
GrupoN,w38,1,0,FALSE
GrupoN,w39,1,0,FALSE
GrupoN,w40,1,0,FALSE
GrupoN,w41,1,0,FALSE
GrupoN,w42,1,0,FALSE
GrupoN,w43,1,0,FALSE
GrupoN,w44,1,0,FALSE
GrupoN,w45,1,0,FALSE
GrupoN,w46,1,0,FALSE
GrupoN,w47,1,0,FALSE
GrupoN,w48,1,0,FALSE
GrupoN,w49,1,0,FALSE
GrupoN,w50,1,0,FALSE
GrupoN,w51,1,0,FALSE
GrupoN,w52,1,0,FALSE
GrupoN,w53,1,0,FALSE
GrupoN,w54,1,-1,FALSE
GrupoN,w55,1,-1,FALSE
GrupoN,w56,1,0,FALSE
GrupoN,w57,1,0,FALSE
GrupoN,w58,1,0,FALSE
GrupoN,w59,1,0,FALSE
GrupoN,w60,1,0,FALSE
GrupoN,w61,1,0,FALSE
GrupoN,w62,1,0,FALSE
GrupoN,w63,134,-1,FALSE
GrupoN,w64,1,0,FALSE
GrupoN,w65,1,0,FALSE
GrupoN,w66,1,0,FALSE
GrupoN,w67,1,0,FALSE
GrupoN,w68,1,-1,FALSE
GrupoN,w69,1,-1,FALSE
GrupoN,w70,1,0,FALSE
GrupoN,w71,1,0,FALSE
GrupoN,w72,1,0,FALSE
GrupoN,w73,1,0,FALSE
GrupoN,w74,1,0,FALSE
GrupoN,w75,1,-1,FALSE
GrupoN,w76,1,0,FALSE
GrupoN,w77,1,-1,FALSE
GrupoN,w78,1,-1,FALSE
GrupoO,w00,2,0,FALSE
GrupoO,w01,2,956,FALSE
GrupoO,w02,2,1069,FALSE
GrupoO,w03,2,1904,FALSE
GrupoO,w04,2,486,FALSE
GrupoO,w05,2,534,FALSE
GrupoO,w06,2,809,FALSE
GrupoO,w07,2,452,FALSE
GrupoO,w08,2,452,FALSE
GrupoO,w09,2,2438,FALSE
GrupoO,w10,2,664,FALSE
GrupoO,w11,2,809,FALSE
GrupoO,w12,2,664,FALSE
GrupoO,w13,2,809,FALSE
GrupoO,w14,2,357,FALSE
GrupoO,w15,2,274,FALSE
GrupoO,w16,2,274,FALSE
GrupoO,w17,2,726,FALSE
GrupoO,w18,2,870,FALSE
GrupoO,w19,2,904,FALSE
GrupoO,w20,2,1048,FALSE
GrupoO,w21,2,1164,FALSE
GrupoO,w22,2,630,FALSE
GrupoO,w23,2,1356,FALSE
GrupoO,w24,2,1000,FALSE
GrupoO,w25,2,1390,FALSE
GrupoO,w26,2,1520,FALSE
GrupoO,w27,2,986,FALSE
GrupoO,w28,2,582,FALSE
GrupoO,w29,2,404,FALSE
GrupoO,w30,2,712,FALSE
GrupoO,w31,2,678,FALSE
GrupoO,w32,2,856,FALSE
GrupoO,w33,2,939,FALSE
GrupoO,w34,2,939,FALSE
GrupoO,w35,2,1082,FALSE
GrupoO,w36,2,1082,FALSE
GrupoO,w37,2,1082,FALSE
GrupoO,w38,2,1082,FALSE
GrupoO,w39,2,1500,FALSE
GrupoO,w40,2,678,FALSE
GrupoO,w41,2,678,FALSE
GrupoO,w42,2,678,FALSE
GrupoO,w43,2,678,FALSE
GrupoO,w44,2,678,FALSE
GrupoO,w45,2,678,FALSE
GrupoO,w46,2,856,FALSE
GrupoO,w47,2,856,FALSE
GrupoO,w48,2,856,FALSE
GrupoO,w49,2,856,FALSE
GrupoO,w50,2,856,FALSE
GrupoO,w51,2,856,FALSE
GrupoO,w52,2,856,FALSE
GrupoO,w53,2,856,FALSE
GrupoO,w54,2,856,FALSE
GrupoO,w55,2,856,FALSE
GrupoO,w56,2,856,FALSE
GrupoO,w57,2,856,FALSE
GrupoO,w58,2,808,FALSE
GrupoO,w59,2,808,FALSE
GrupoO,w60,2,808,FALSE
GrupoO,w61,2,1130,FALSE
GrupoO,w62,2,1130,FALSE
GrupoO,w63,2,543,FALSE
GrupoO,w64,2,536,FALSE
GrupoO,w65,2,3712,FALSE
GrupoO,w66,2,4116,FALSE
GrupoO,w67,2,3712,FALSE
GrupoO,w68,2,2012,FALSE
GrupoO,w69,2,274,FALSE
GrupoO,w70,2,713,FALSE
GrupoO,w71,2,1179,FALSE
GrupoO,w72,2,1082,FALSE
GrupoO,w73,2,924,FALSE
GrupoO,w74,2,1501,FALSE
GrupoO,w75,2,987,FALSE
GrupoO,w76,2,1478,FALSE
GrupoO,w77,2,665,FALSE
GrupoO,w78,2,795,FALSE
GrupoP,w00,0,0,TRUE
GrupoP,w01,0,0,TRUE
GrupoP,w02,0,0,TRUE
GrupoP,w03,0,0,TRUE
GrupoP,w04,0,0,TRUE
GrupoP,w05,0,0,TRUE
GrupoP,w06,1,0,FALSE
GrupoP,w07,0,0,TRUE
GrupoP,w08,0,0,TRUE
GrupoP,w09,0,0,TRUE
GrupoP,w10,0,0,TRUE
GrupoP,w11,1,0,FALSE
GrupoP,w12,0,0,TRUE
GrupoP,w13,1,0,FALSE
GrupoP,w14,0,0,TRUE
GrupoP,w15,0,0,TRUE
GrupoP,w16,0,0,TRUE
GrupoP,w17,0,0,TRUE
GrupoP,w18,0,0,TRUE
GrupoP,w19,0,0,TRUE
GrupoP,w20,0,0,TRUE
GrupoP,w21,0,0,TRUE
GrupoP,w22,0,0,TRUE
GrupoP,w23,0,0,TRUE
GrupoP,w24,0,0,TRUE
GrupoP,w25,0,0,TRUE
GrupoP,w26,0,0,TRUE
GrupoP,w27,0,0,TRUE
GrupoP,w28,0,0,TRUE
GrupoP,w29,0,0,TRUE
GrupoP,w30,0,0,TRUE
GrupoP,w31,0,0,TRUE
GrupoP,w32,0,0,TRUE
GrupoP,w33,1,0,FALSE
GrupoP,w34,1,0,FALSE
GrupoP,w35,0,0,TRUE
GrupoP,w36,0,0,TRUE
GrupoP,w37,0,0,TRUE
GrupoP,w38,0,0,TRUE
GrupoP,w39,0,0,TRUE
GrupoP,w40,0,0,TRUE
GrupoP,w41,0,0,TRUE
GrupoP,w42,0,0,TRUE
GrupoP,w43,0,0,TRUE
GrupoP,w44,0,0,TRUE
GrupoP,w45,0,0,TRUE
GrupoP,w46,0,0,TRUE
GrupoP,w47,0,0,TRUE
GrupoP,w48,0,0,TRUE
GrupoP,w49,0,0,TRUE
GrupoP,w50,0,0,TRUE
GrupoP,w51,0,0,TRUE
GrupoP,w52,0,0,TRUE
GrupoP,w53,0,0,TRUE
GrupoP,w54,0,0,TRUE
GrupoP,w55,0,0,TRUE
GrupoP,w56,0,0,TRUE
GrupoP,w57,0,0,TRUE
GrupoP,w58,0,0,TRUE
GrupoP,w59,0,0,TRUE
GrupoP,w60,0,0,TRUE
GrupoP,w61,0,0,TRUE
GrupoP,w62,0,0,TRUE
GrupoP,w63,0,0,TRUE
GrupoP,w64,0,0,TRUE
GrupoP,w65,0,0,TRUE
GrupoP,w66,0,0,TRUE
GrupoP,w67,0,0,TRUE
GrupoP,w68,0,0,TRUE
GrupoP,w69,0,0,TRUE
GrupoP,w70,0,0,TRUE
GrupoP,w71,1,0,FALSE
GrupoP,w72,0,0,TRUE
GrupoP,w73,1,0,FALSE
GrupoP,w74,1,0,FALSE
GrupoP,w75,0,0,TRUE
GrupoP,w76,0,0,TRUE
GrupoP,w77,0,0,TRUE
GrupoP,w78,0,0,TRUE
GrupoT,w00,0,0,TRUE
GrupoT,w01,134,-1,FALSE
GrupoT,w02,134,-1,FALSE
GrupoT,w03,134,-1,FALSE
GrupoT,w04,134,-1,FALSE
GrupoT,w05,134,-1,FALSE
GrupoT,w06,134,-1,FALSE
GrupoT,w07,134,-1,FALSE
GrupoT,w08,134,-1,FALSE
GrupoT,w09,134,-1,FALSE
GrupoT,w10,134,-1,FALSE
GrupoT,w11,134,-1,FALSE
GrupoT,w12,134,-1,FALSE
GrupoT,w13,134,-1,FALSE
GrupoT,w14,134,-1,FALSE
GrupoT,w15,134,-1,FALSE
GrupoT,w16,134,-1,FALSE
GrupoT,w17,134,-1,FALSE
GrupoT,w18,134,-1,FALSE
GrupoT,w19,134,-1,FALSE
GrupoT,w20,134,-1,FALSE
GrupoT,w21,134,-1,FALSE
GrupoT,w22,134,-1,FALSE
GrupoT,w23,134,-1,FALSE
GrupoT,w24,134,-1,FALSE
GrupoT,w25,134,-1,FALSE
GrupoT,w26,134,-1,FALSE
GrupoT,w27,134,-1,FALSE
GrupoT,w28,134,-1,FALSE
GrupoT,w29,134,-1,FALSE
GrupoT,w30,134,-1,FALSE
GrupoT,w31,134,-1,FALSE
GrupoT,w32,134,-1,FALSE
GrupoT,w33,134,-1,FALSE
GrupoT,w34,134,-1,FALSE
GrupoT,w35,134,-1,FALSE
GrupoT,w36,134,-1,FALSE
GrupoT,w37,134,-1,FALSE
GrupoT,w38,134,-1,FALSE
GrupoT,w39,134,-1,FALSE
GrupoT,w40,134,-1,FALSE
GrupoT,w41,134,-1,FALSE
GrupoT,w42,134,-1,FALSE
GrupoT,w43,134,-1,FALSE
GrupoT,w44,134,-1,FALSE
GrupoT,w45,134,-1,FALSE
GrupoT,w46,134,-1,FALSE
GrupoT,w47,134,-1,FALSE
GrupoT,w48,134,-1,FALSE
GrupoT,w49,134,-1,FALSE
GrupoT,w50,134,-1,FALSE
GrupoT,w51,134,-1,FALSE
GrupoT,w52,134,-1,FALSE
GrupoT,w53,134,-1,FALSE
GrupoT,w54,134,-1,FALSE
GrupoT,w55,134,-1,FALSE
GrupoT,w56,134,-1,FALSE
GrupoT,w57,134,-1,FALSE
GrupoT,w58,134,-1,FALSE
GrupoT,w59,134,-1,FALSE
GrupoT,w60,134,-1,FALSE
GrupoT,w61,134,-1,FALSE
GrupoT,w62,134,-1,FALSE
GrupoT,w63,134,-1,FALSE
GrupoT,w64,134,-1,FALSE
GrupoT,w65,134,-1,FALSE
GrupoT,w66,134,-1,FALSE
GrupoT,w67,134,-1,FALSE
GrupoT,w68,134,-1,FALSE
GrupoT,w69,134,-1,FALSE
GrupoT,w70,134,-1,FALSE
GrupoT,w71,134,-1,FALSE
GrupoT,w72,134,-1,FALSE
GrupoT,w73,134,-1,FALSE
GrupoT,w74,134,-1,FALSE
GrupoT,w75,134,-1,FALSE
GrupoT,w76,134,-1,FALSE
GrupoT,w77,134,-1,FALSE
GrupoT,w78,134,-1,FALSE
