Grupo,test,TCNO,VG,TCNOTEXT,VGTEXT,Output,Decision.TCNO,Decision.VG,Decision
GrupoA,w00,0,0,NA,no leaks are possible,NA,TRUE,TRUE,TRUE
GrupoA,w01,0,0,NA,no leaks are possible,NA,TRUE,TRUE,TRUE
GrupoA,w02,0,0,NA,no leaks are possible,NA,TRUE,TRUE,TRUE
GrupoA,w03,0,0,NA,no leaks are possible,NA,TRUE,TRUE,TRUE
GrupoA,w04,0,0,NA,no leaks are possible,NA,TRUE,TRUE,TRUE
GrupoA,w05,0,0,NA,no leaks are possible,NA,TRUE,TRUE,TRUE
GrupoA,w06,0,0,NA,no leaks are possible,NA,TRUE,TRUE,TRUE
GrupoA,w07,0,0,NA,no leaks are possible,NA,TRUE,TRUE,TRUE
GrupoA,w08,0,0,NA,no leaks are possible,NA,TRUE,TRUE,TRUE
GrupoA,w09,0,0,NA,no leaks are possible,NA,TRUE,TRUE,TRUE
GrupoA,w10,1,0,NA,no leaks are possible,NA,FALSE,TRUE,FALSE
GrupoA,w11,1,0,NA,no leaks are possible,NA,FALSE,TRUE,FALSE
GrupoA,w12,1,0,NA,no leaks are possible,NA,FALSE,TRUE,FALSE
GrupoA,w13,1,0,NA,no leaks are possible,NA,FALSE,TRUE,FALSE
GrupoA,w14,0,0,NA,no leaks are possible,NA,TRUE,TRUE,TRUE
GrupoA,w15,0,0,NA,no leaks are possible,NA,TRUE,TRUE,TRUE
GrupoA,w16,0,0,NA,no leaks are possible,NA,TRUE,TRUE,TRUE
GrupoA,w17,0,0,NA,no leaks are possible,NA,TRUE,TRUE,TRUE
GrupoA,w18,0,0,NA,no leaks are possible,NA,TRUE,TRUE,TRUE
GrupoA,w19,0,0,NA,no leaks are possible,NA,TRUE,TRUE,TRUE
GrupoA,w20,0,0,NA,no leaks are possible,NA,TRUE,TRUE,TRUE
GrupoA,w21,0,0,NA,no leaks are possible,NA,TRUE,TRUE,TRUE
GrupoA,w22,1,-1,NA,NA,"line 4: syntax error, unexpected TOKEN_ERRO ",FALSE,FALSE,FALSE
GrupoA,w23,0,0,NA,no leaks are possible,NA,TRUE,TRUE,TRUE
GrupoA,w24,0,0,NA,no leaks are possible,NA,TRUE,TRUE,TRUE
GrupoA,w25,0,0,NA,no leaks are possible,NA,TRUE,TRUE,TRUE
GrupoA,w26,0,0,NA,no leaks are possible,NA,TRUE,TRUE,TRUE
GrupoA,w27,0,0,NA,no leaks are possible,NA,TRUE,TRUE,TRUE
GrupoA,w28,0,0,NA,no leaks are possible,NA,TRUE,TRUE,TRUE
GrupoA,w29,0,0,NA,no leaks are possible,NA,TRUE,TRUE,TRUE
GrupoA,w30,0,0,NA,no leaks are possible,NA,TRUE,TRUE,TRUE
GrupoA,w31,0,0,NA,no leaks are possible,NA,TRUE,TRUE,TRUE
GrupoA,w32,0,0,NA,no leaks are possible,NA,TRUE,TRUE,TRUE
GrupoA,w33,0,0,NA,no leaks are possible,NA,TRUE,TRUE,TRUE
GrupoA,w34,0,0,NA,no leaks are possible,NA,TRUE,TRUE,TRUE
GrupoA,w35,0,0,NA,no leaks are possible,NA,TRUE,TRUE,TRUE
GrupoA,w36,0,0,NA,no leaks are possible,NA,TRUE,TRUE,TRUE
GrupoA,w37,1,0,NA,no leaks are possible,NA,FALSE,TRUE,FALSE
GrupoA,w38,0,0,NA,no leaks are possible,NA,TRUE,TRUE,TRUE
GrupoA,w39,1,0,NA,no leaks are possible,NA,FALSE,TRUE,FALSE
GrupoA,w40,0,0,NA,no leaks are possible,NA,TRUE,TRUE,TRUE
GrupoA,w41,0,0,NA,no leaks are possible,NA,TRUE,TRUE,TRUE
GrupoA,w42,0,0,NA,no leaks are possible,NA,TRUE,TRUE,TRUE
GrupoA,w43,0,0,NA,no leaks are possible,NA,TRUE,TRUE,TRUE
GrupoA,w44,0,0,NA,no leaks are possible,NA,TRUE,TRUE,TRUE
GrupoA,w45,0,0,NA,no leaks are possible,NA,TRUE,TRUE,TRUE
GrupoA,w46,0,0,NA,no leaks are possible,NA,TRUE,TRUE,TRUE
GrupoA,w47,0,0,NA,no leaks are possible,NA,TRUE,TRUE,TRUE
GrupoA,w48,0,0,NA,no leaks are possible,NA,TRUE,TRUE,TRUE
GrupoA,w49,0,0,NA,no leaks are possible,NA,TRUE,TRUE,TRUE
GrupoA,w50,0,0,NA,no leaks are possible,NA,TRUE,TRUE,TRUE
GrupoA,w51,0,0,NA,no leaks are possible,NA,TRUE,TRUE,TRUE
GrupoA,w52,0,0,NA,no leaks are possible,NA,TRUE,TRUE,TRUE
GrupoA,w53,0,0,NA,no leaks are possible,NA,TRUE,TRUE,TRUE
GrupoA,w54,0,0,NA,no leaks are possible,NA,TRUE,TRUE,TRUE
GrupoA,w55,0,0,NA,no leaks are possible,NA,TRUE,TRUE,TRUE
GrupoA,w56,0,0,NA,no leaks are possible,NA,TRUE,TRUE,TRUE
GrupoA,w57,0,0,NA,no leaks are possible,NA,TRUE,TRUE,TRUE
GrupoA,w58,0,0,NA,no leaks are possible,NA,TRUE,TRUE,TRUE
GrupoA,w59,0,0,NA,no leaks are possible,NA,TRUE,TRUE,TRUE
GrupoA,w60,0,0,NA,no leaks are possible,NA,TRUE,TRUE,TRUE
GrupoA,w61,0,0,NA,no leaks are possible,NA,TRUE,TRUE,TRUE
GrupoA,w62,0,0,NA,no leaks are possible,NA,TRUE,TRUE,TRUE
GrupoA,w63,1,0,NA,no leaks are possible,NA,FALSE,TRUE,FALSE
GrupoA,w64,0,0,NA,no leaks are possible,NA,TRUE,TRUE,TRUE
GrupoA,w65,1,0,NA,no leaks are possible,NA,FALSE,TRUE,FALSE
GrupoA,w66,0,0,NA,no leaks are possible,NA,TRUE,TRUE,TRUE
GrupoA,w67,1,0,NA,no leaks are possible,NA,FALSE,TRUE,FALSE
GrupoA,w68,0,0,NA,no leaks are possible,NA,TRUE,TRUE,TRUE
GrupoA,w69,0,0,NA,no leaks are possible,NA,TRUE,TRUE,TRUE
GrupoA,w70,0,0,NA,no leaks are possible,NA,TRUE,TRUE,TRUE
GrupoA,w71,0,0,NA,no leaks are possible,NA,TRUE,TRUE,TRUE
GrupoA,w72,1,0,NA,no leaks are possible,NA,FALSE,TRUE,FALSE
GrupoA,w73,0,0,NA,no leaks are possible,NA,TRUE,TRUE,TRUE
GrupoA,w74,0,0,NA,no leaks are possible,NA,TRUE,TRUE,TRUE
GrupoA,w75,0,0,NA,no leaks are possible,NA,TRUE,TRUE,TRUE
GrupoA,w76,0,0,NA,no leaks are possible,NA,TRUE,TRUE,TRUE
GrupoA,w77,0,0,NA,no leaks are possible,NA,TRUE,TRUE,TRUE
GrupoA,w78,1,0,NA,no leaks are possible,NA,FALSE,TRUE,FALSE
GrupoB,w00,0,0,NA,no leaks are possible,NA,TRUE,TRUE,TRUE
GrupoB,w01,1,120,NA, 102 18 0 0 0 ,NA,FALSE,FALSE,FALSE
GrupoB,w02,1,146,NA, 134 12 0 0 0 ,NA,FALSE,FALSE,FALSE
GrupoB,w03,1,254,NA, 230 24 0 0 0 ,NA,FALSE,FALSE,FALSE
GrupoB,w04,1,280,NA, 60 186 0 34 0 ,NA,FALSE,FALSE,FALSE
GrupoB,w05,0,18,NA, 18 0 0 0 0 ,NA,TRUE,FALSE,FALSE
GrupoB,w06,0,179,NA, 85 94 0 0 0 ,NA,TRUE,FALSE,FALSE
GrupoB,w07,0,24,NA, 24 0 0 0 0 ,NA,TRUE,FALSE,FALSE
GrupoB,w08,1,114,NA, 78 0 0 36 0 ,NA,FALSE,FALSE,FALSE
GrupoB,w09,1,380,NA, 344 36 0 0 0 ,NA,FALSE,FALSE,FALSE
GrupoB,w10,1,330,NA, 104 226 0 0 0 ,NA,FALSE,FALSE,FALSE
GrupoB,w11,1,307,NA, 169 138 0 0 0 ,NA,FALSE,FALSE,FALSE
GrupoB,w12,1,330,NA, 104 226 0 0 0 ,NA,FALSE,FALSE,FALSE
GrupoB,w13,1,307,NA, 169 138 0 0 0 ,NA,FALSE,FALSE,FALSE
GrupoB,w14,0,21,NA, 21 0 0 0 0 ,NA,TRUE,FALSE,FALSE
GrupoB,w15,0,16,NA, 16 0 0 0 0 ,NA,TRUE,FALSE,FALSE
GrupoB,w16,0,22,NA, 22 0 0 0 0 ,NA,TRUE,FALSE,FALSE
GrupoB,w17,0,34,NA, 34 0 0 0 0 ,NA,TRUE,FALSE,FALSE
GrupoB,w18,1,78,NA, 74 4 0 0 0 ,NA,FALSE,FALSE,FALSE
GrupoB,w19,1,54,NA, 54 0 0 0 0 ,NA,FALSE,FALSE,FALSE
GrupoB,w20,1,98,NA, 94 4 0 0 0 ,NA,FALSE,FALSE,FALSE
GrupoB,w21,1,92,NA, 88 4 0 0 0 ,NA,FALSE,FALSE,FALSE
GrupoB,w22,0,34,NA, 34 0 0 0 0 ,NA,TRUE,FALSE,FALSE
GrupoB,w23,1,166,NA, 152 14 0 0 0 ,NA,FALSE,FALSE,FALSE
GrupoB,w24,1,82,NA, 78 4 0 0 0 ,NA,FALSE,FALSE,FALSE
GrupoB,w25,1,142,NA, 132 10 0 0 0 ,NA,FALSE,FALSE,FALSE
GrupoB,w26,1,176,NA, 160 16 0 0 0 ,NA,FALSE,FALSE,FALSE
GrupoB,w27,1,118,NA, 102 16 0 0 0 ,NA,FALSE,FALSE,FALSE
GrupoB,w28,0,18,NA, 18 0 0 0 0 ,NA,TRUE,FALSE,FALSE
GrupoB,w29,0,8,NA, 8 0 0 0 0 ,NA,TRUE,FALSE,FALSE
GrupoB,w30,1,30,NA, 30 0 0 0 0 ,NA,FALSE,FALSE,FALSE
GrupoB,w31,0,28,NA, 28 0 0 0 0 ,NA,TRUE,FALSE,FALSE
GrupoB,w32,0,36,NA, 36 0 0 0 0 ,NA,TRUE,FALSE,FALSE
GrupoB,w33,0,185,NA, 91 94 0 0 0 ,NA,TRUE,FALSE,FALSE
GrupoB,w34,0,185,NA, 91 94 0 0 0 ,NA,TRUE,FALSE,FALSE
GrupoB,w35,0,48,NA, 48 0 0 0 0 ,NA,TRUE,FALSE,FALSE
GrupoB,w36,0,48,NA, 48 0 0 0 0 ,NA,TRUE,FALSE,FALSE
GrupoB,w37,0,48,NA, 48 0 0 0 0 ,NA,TRUE,FALSE,FALSE
GrupoB,w38,0,48,NA, 48 0 0 0 0 ,NA,TRUE,FALSE,FALSE
GrupoB,w39,0,72,NA, 72 0 0 0 0 ,NA,TRUE,FALSE,FALSE
GrupoB,w40,0,28,NA, 28 0 0 0 0 ,NA,TRUE,FALSE,FALSE
GrupoB,w41,0,28,NA, 28 0 0 0 0 ,NA,TRUE,FALSE,FALSE
GrupoB,w42,0,28,NA, 28 0 0 0 0 ,NA,TRUE,FALSE,FALSE
GrupoB,w43,0,28,NA, 28 0 0 0 0 ,NA,TRUE,FALSE,FALSE
GrupoB,w44,0,28,NA, 28 0 0 0 0 ,NA,TRUE,FALSE,FALSE
GrupoB,w45,0,28,NA, 28 0 0 0 0 ,NA,TRUE,FALSE,FALSE
GrupoB,w46,0,36,NA, 36 0 0 0 0 ,NA,TRUE,FALSE,FALSE
GrupoB,w47,0,36,NA, 36 0 0 0 0 ,NA,TRUE,FALSE,FALSE
GrupoB,w48,0,36,NA, 36 0 0 0 0 ,NA,TRUE,FALSE,FALSE
GrupoB,w49,0,36,NA, 36 0 0 0 0 ,NA,TRUE,FALSE,FALSE
GrupoB,w50,0,76,NA, 70 6 0 0 0 ,NA,TRUE,FALSE,FALSE
GrupoB,w51,0,76,NA, 70 6 0 0 0 ,NA,TRUE,FALSE,FALSE
GrupoB,w52,0,76,NA, 70 6 0 0 0 ,NA,TRUE,FALSE,FALSE
GrupoB,w53,0,76,NA, 70 6 0 0 0 ,NA,TRUE,FALSE,FALSE
GrupoB,w54,0,36,NA, 36 0 0 0 0 ,NA,TRUE,FALSE,FALSE
GrupoB,w55,139,-1,NA,NA,Segmentation fault,FALSE,FALSE,FALSE
GrupoB,w56,0,76,NA, 70 6 0 0 0 ,NA,TRUE,FALSE,FALSE
GrupoB,w57,0,76,NA, 70 6 0 0 0 ,NA,TRUE,FALSE,FALSE
GrupoB,w58,0,34,NA, 34 0 0 0 0 ,NA,TRUE,FALSE,FALSE
GrupoB,w59,0,34,NA, 34 0 0 0 0 ,NA,TRUE,FALSE,FALSE
GrupoB,w60,0,34,NA, 34 0 0 0 0 ,NA,TRUE,FALSE,FALSE
GrupoB,w61,0,48,NA, 48 0 0 0 0 ,NA,TRUE,FALSE,FALSE
GrupoB,w62,0,48,NA, 48 0 0 0 0 ,NA,TRUE,FALSE,FALSE
GrupoB,w63,1,297,NA, 70 186 0 41 0 ,NA,FALSE,FALSE,FALSE
GrupoB,w64,1,280,NA, 60 186 0 34 0 ,NA,FALSE,FALSE,FALSE
GrupoB,w65,1,276,NA, 264 12 0 0 0 ,NA,FALSE,FALSE,FALSE
GrupoB,w66,1,272,NA, 264 8 0 0 0 ,NA,FALSE,FALSE,FALSE
GrupoB,w67,1,276,NA, 264 12 0 0 0 ,NA,FALSE,FALSE,FALSE
GrupoB,w68,1,260,NA, 236 24 0 0 0 ,NA,FALSE,FALSE,FALSE
GrupoB,w69,0,4,NA, 4 0 0 0 0 ,NA,TRUE,FALSE,FALSE
GrupoB,w70,1,559,NA, 116 407 0 36 0 ,NA,FALSE,FALSE,FALSE
GrupoB,w71,1,235,NA, 137 98 0 0 0 ,NA,FALSE,FALSE,FALSE
GrupoB,w72,0,50,NA, 50 0 0 0 0 ,NA,TRUE,FALSE,FALSE
GrupoB,w73,0,48,NA, 48 0 0 0 0 ,NA,TRUE,FALSE,FALSE
GrupoB,w74,0,253,NA, 155 98 0 0 0 ,NA,TRUE,FALSE,FALSE
GrupoB,w75,1,157,NA, 139 18 0 0 0 ,NA,FALSE,FALSE,FALSE
GrupoB,w76,0,334,NA, 236 98 0 0 0 ,NA,TRUE,FALSE,FALSE
GrupoB,w77,0,69,NA, 63 6 0 0 0 ,NA,TRUE,FALSE,FALSE
GrupoB,w78,0,77,NA, 71 6 0 0 0 ,NA,TRUE,FALSE,FALSE
GrupoC,w00,0,0,NA,no leaks are possible,NA,TRUE,TRUE,TRUE
GrupoC,w01,0,0,NA,no leaks are possible,NA,TRUE,TRUE,TRUE
GrupoC,w02,0,0,NA,no leaks are possible,NA,TRUE,TRUE,TRUE
GrupoC,w03,0,0,NA,no leaks are possible,NA,TRUE,TRUE,TRUE
GrupoC,w04,0,0,NA,no leaks are possible,NA,TRUE,TRUE,TRUE
GrupoC,w05,0,0,NA,no leaks are possible,NA,TRUE,TRUE,TRUE
GrupoC,w06,0,0,NA,no leaks are possible,NA,TRUE,TRUE,TRUE
GrupoC,w07,0,0,NA,no leaks are possible,NA,TRUE,TRUE,TRUE
GrupoC,w08,0,0,NA,no leaks are possible,NA,TRUE,TRUE,TRUE
GrupoC,w09,0,0,NA,no leaks are possible,NA,TRUE,TRUE,TRUE
GrupoC,w10,0,0,NA,no leaks are possible,NA,TRUE,TRUE,TRUE
GrupoC,w11,0,0,NA,no leaks are possible,NA,TRUE,TRUE,TRUE
GrupoC,w12,0,0,NA,no leaks are possible,NA,TRUE,TRUE,TRUE
GrupoC,w13,0,0,NA,no leaks are possible,NA,TRUE,TRUE,TRUE
GrupoC,w14,0,0,NA,no leaks are possible,NA,TRUE,TRUE,TRUE
GrupoC,w15,0,0,NA,no leaks are possible,NA,TRUE,TRUE,TRUE
GrupoC,w16,0,0,NA,no leaks are possible,NA,TRUE,TRUE,TRUE
GrupoC,w17,0,0,NA,no leaks are possible,NA,TRUE,TRUE,TRUE
GrupoC,w18,0,0,NA,no leaks are possible,NA,TRUE,TRUE,TRUE
GrupoC,w19,0,0,NA,no leaks are possible,NA,TRUE,TRUE,TRUE
GrupoC,w20,0,0,NA,no leaks are possible,NA,TRUE,TRUE,TRUE
GrupoC,w21,0,0,NA,no leaks are possible,NA,TRUE,TRUE,TRUE
GrupoC,w22,0,0,NA,no leaks are possible,NA,TRUE,TRUE,TRUE
GrupoC,w23,0,0,NA,no leaks are possible,NA,TRUE,TRUE,TRUE
GrupoC,w24,0,0,NA,no leaks are possible,NA,TRUE,TRUE,TRUE
GrupoC,w25,0,0,NA,no leaks are possible,NA,TRUE,TRUE,TRUE
GrupoC,w26,0,0,NA,no leaks are possible,NA,TRUE,TRUE,TRUE
GrupoC,w27,0,0,NA,no leaks are possible,NA,TRUE,TRUE,TRUE
GrupoC,w28,0,0,NA,no leaks are possible,NA,TRUE,TRUE,TRUE
GrupoC,w29,0,0,NA,no leaks are possible,NA,TRUE,TRUE,TRUE
GrupoC,w30,0,0,NA,no leaks are possible,NA,TRUE,TRUE,TRUE
GrupoC,w31,0,0,NA,no leaks are possible,NA,TRUE,TRUE,TRUE
GrupoC,w32,0,0,NA,no leaks are possible,NA,TRUE,TRUE,TRUE
GrupoC,w33,0,0,NA,no leaks are possible,NA,TRUE,TRUE,TRUE
GrupoC,w34,0,0,NA,no leaks are possible,NA,TRUE,TRUE,TRUE
GrupoC,w35,0,0,NA,no leaks are possible,NA,TRUE,TRUE,TRUE
GrupoC,w36,0,0,NA,no leaks are possible,NA,TRUE,TRUE,TRUE
GrupoC,w37,0,0,NA,no leaks are possible,NA,TRUE,TRUE,TRUE
GrupoC,w38,0,0,NA,no leaks are possible,NA,TRUE,TRUE,TRUE
GrupoC,w39,0,0,NA,no leaks are possible,NA,TRUE,TRUE,TRUE
GrupoC,w40,0,0,NA,no leaks are possible,NA,TRUE,TRUE,TRUE
GrupoC,w41,0,0,NA,no leaks are possible,NA,TRUE,TRUE,TRUE
GrupoC,w42,0,0,NA,no leaks are possible,NA,TRUE,TRUE,TRUE
GrupoC,w43,0,0,NA,no leaks are possible,NA,TRUE,TRUE,TRUE
GrupoC,w44,0,0,NA,no leaks are possible,NA,TRUE,TRUE,TRUE
GrupoC,w45,0,0,NA,no leaks are possible,NA,TRUE,TRUE,TRUE
GrupoC,w46,0,0,NA,no leaks are possible,NA,TRUE,TRUE,TRUE
GrupoC,w47,0,0,NA,no leaks are possible,NA,TRUE,TRUE,TRUE
GrupoC,w48,0,0,NA,no leaks are possible,NA,TRUE,TRUE,TRUE
GrupoC,w49,0,0,NA,no leaks are possible,NA,TRUE,TRUE,TRUE
GrupoC,w50,0,0,NA,no leaks are possible,NA,TRUE,TRUE,TRUE
GrupoC,w51,0,0,NA,no leaks are possible,NA,TRUE,TRUE,TRUE
GrupoC,w52,0,0,NA,no leaks are possible,NA,TRUE,TRUE,TRUE
GrupoC,w53,0,0,NA,no leaks are possible,NA,TRUE,TRUE,TRUE
GrupoC,w54,0,0,NA,no leaks are possible,NA,TRUE,TRUE,TRUE
GrupoC,w55,0,0,NA,no leaks are possible,NA,TRUE,TRUE,TRUE
GrupoC,w56,0,0,NA,no leaks are possible,NA,TRUE,TRUE,TRUE
GrupoC,w57,0,0,NA,no leaks are possible,NA,TRUE,TRUE,TRUE
GrupoC,w58,0,0,NA,no leaks are possible,NA,TRUE,TRUE,TRUE
GrupoC,w59,0,0,NA,no leaks are possible,NA,TRUE,TRUE,TRUE
GrupoC,w60,0,0,NA,no leaks are possible,NA,TRUE,TRUE,TRUE
GrupoC,w61,0,0,NA,no leaks are possible,NA,TRUE,TRUE,TRUE
GrupoC,w62,0,0,NA,no leaks are possible,NA,TRUE,TRUE,TRUE
GrupoC,w63,0,0,NA,no leaks are possible,NA,TRUE,TRUE,TRUE
GrupoC,w64,0,0,NA,no leaks are possible,NA,TRUE,TRUE,TRUE
GrupoC,w65,0,0,NA,no leaks are possible,NA,TRUE,TRUE,TRUE
GrupoC,w66,0,0,NA,no leaks are possible,NA,TRUE,TRUE,TRUE
GrupoC,w67,0,0,NA,no leaks are possible,NA,TRUE,TRUE,TRUE
GrupoC,w68,1,-1,NA,NA,"line 3 - syntax error, unexpected TK_LIT_INT ",FALSE,FALSE,FALSE
GrupoC,w69,0,0,NA,no leaks are possible,NA,TRUE,TRUE,TRUE
GrupoC,w70,0,0,NA,no leaks are possible,NA,TRUE,TRUE,TRUE
GrupoC,w71,0,0,NA,no leaks are possible,NA,TRUE,TRUE,TRUE
GrupoC,w72,0,0,NA,no leaks are possible,NA,TRUE,TRUE,TRUE
GrupoC,w73,0,0,NA,no leaks are possible,NA,TRUE,TRUE,TRUE
GrupoC,w74,0,0,NA,no leaks are possible,NA,TRUE,TRUE,TRUE
GrupoC,w75,0,0,NA,no leaks are possible,NA,TRUE,TRUE,TRUE
GrupoC,w76,0,0,NA,no leaks are possible,NA,TRUE,TRUE,TRUE
GrupoC,w77,0,0,NA,no leaks are possible,NA,TRUE,TRUE,TRUE
GrupoC,w78,0,0,NA,no leaks are possible,NA,TRUE,TRUE,TRUE
GrupoD,w00,0,0,NA,no leaks are possible,NA,TRUE,TRUE,TRUE
GrupoD,w01,1,76,NA, 72 0 0 4 0 ,NA,FALSE,FALSE,FALSE
GrupoD,w02,1,1563,NA, 119 1440 0 4 0 ,NA,FALSE,FALSE,FALSE
GrupoD,w03,1,697,NA, 160 533 0 4 0 ,NA,FALSE,FALSE,FALSE
GrupoD,w04,1,27,NA, 23 0 0 4 0 ,NA,FALSE,FALSE,FALSE
GrupoD,w05,1,362,NA, 94 264 0 4 0 ,NA,FALSE,FALSE,FALSE
GrupoD,w06,1,55,NA, 51 0 0 4 0 ,NA,FALSE,FALSE,FALSE
GrupoD,w07,1,232,NA, 90 138 0 4 0 ,NA,FALSE,FALSE,FALSE
GrupoD,w08,1,233,NA, 90 139 0 4 0 ,NA,FALSE,FALSE,FALSE
GrupoD,w09,1,1897,NA, 184 1709 0 4 0 ,NA,FALSE,FALSE,FALSE
GrupoD,w10,1,36,NA, 32 0 0 4 0 ,NA,FALSE,FALSE,FALSE
GrupoD,w11,1,54,NA, 50 0 0 4 0 ,NA,FALSE,FALSE,FALSE
GrupoD,w12,1,36,NA, 32 0 0 4 0 ,NA,FALSE,FALSE,FALSE
GrupoD,w13,1,54,NA, 50 0 0 4 0 ,NA,FALSE,FALSE,FALSE
GrupoD,w14,1,22,NA, 18 0 0 4 0 ,NA,FALSE,FALSE,FALSE
GrupoD,w15,1,22,NA, 18 0 0 4 0 ,NA,FALSE,FALSE,FALSE
GrupoD,w16,1,22,NA, 18 0 0 4 0 ,NA,FALSE,FALSE,FALSE
GrupoD,w17,1,655,NA, 122 529 0 4 0 ,NA,FALSE,FALSE,FALSE
GrupoD,w18,1,1057,NA, 130 923 0 4 0 ,NA,FALSE,FALSE,FALSE
GrupoD,w19,1,1063,NA, 138 921 0 4 0 ,NA,FALSE,FALSE,FALSE
GrupoD,w20,1,1465,NA, 146 1315 0 4 0 ,NA,FALSE,FALSE,FALSE
GrupoD,w21,1,1846,NA, 138 1704 0 4 0 ,NA,FALSE,FALSE,FALSE
GrupoD,w22,1,648,NA, 114 530 0 4 0 ,NA,FALSE,FALSE,FALSE
GrupoD,w23,1,1865,NA, 154 1707 0 4 0 ,NA,FALSE,FALSE,FALSE
GrupoD,w24,1,1065,NA, 138 923 0 4 0 ,NA,FALSE,FALSE,FALSE
GrupoD,w25,1,1871,NA, 162 1705 0 4 0 ,NA,FALSE,FALSE,FALSE
GrupoD,w26,1,2646,NA, 154 2488 0 4 0 ,NA,FALSE,FALSE,FALSE
GrupoD,w27,1,1448,NA, 130 1314 0 4 0 ,NA,FALSE,FALSE,FALSE
GrupoD,w28,1,374,NA, 106 264 0 4 0 ,NA,FALSE,FALSE,FALSE
GrupoD,w29,0,38,NA, 34 0 0 4 0 ,NA,TRUE,FALSE,FALSE
GrupoD,w30,1,763,NA, 102 657 0 4 0 ,NA,FALSE,FALSE,FALSE
GrupoD,w31,1,506,NA, 106 396 0 4 0 ,NA,FALSE,FALSE,FALSE
GrupoD,w32,1,646,NA, 114 528 0 4 0 ,NA,FALSE,FALSE,FALSE
GrupoD,w33,1,652,NA, 121 527 0 4 0 ,NA,FALSE,FALSE,FALSE
GrupoD,w34,1,652,NA, 121 527 0 4 0 ,NA,FALSE,FALSE,FALSE
GrupoD,w35,1,920,NA, 126 790 0 4 0 ,NA,FALSE,FALSE,FALSE
GrupoD,w36,1,920,NA, 126 790 0 4 0 ,NA,FALSE,FALSE,FALSE
GrupoD,w37,1,920,NA, 126 790 0 4 0 ,NA,FALSE,FALSE,FALSE
GrupoD,w38,1,920,NA, 126 790 0 4 0 ,NA,FALSE,FALSE,FALSE
GrupoD,w39,1,1468,NA, 150 1314 0 4 0 ,NA,FALSE,FALSE,FALSE
GrupoD,w40,1,506,NA, 106 396 0 4 0 ,NA,FALSE,FALSE,FALSE
GrupoD,w41,1,506,NA, 106 396 0 4 0 ,NA,FALSE,FALSE,FALSE
GrupoD,w42,1,506,NA, 106 396 0 4 0 ,NA,FALSE,FALSE,FALSE
GrupoD,w43,1,506,NA, 106 396 0 4 0 ,NA,FALSE,FALSE,FALSE
GrupoD,w44,1,506,NA, 106 396 0 4 0 ,NA,FALSE,FALSE,FALSE
GrupoD,w45,1,506,NA, 106 396 0 4 0 ,NA,FALSE,FALSE,FALSE
GrupoD,w46,1,646,NA, 114 528 0 4 0 ,NA,FALSE,FALSE,FALSE
GrupoD,w47,1,646,NA, 114 528 0 4 0 ,NA,FALSE,FALSE,FALSE
GrupoD,w48,1,646,NA, 114 528 0 4 0 ,NA,FALSE,FALSE,FALSE
GrupoD,w49,1,646,NA, 114 528 0 4 0 ,NA,FALSE,FALSE,FALSE
GrupoD,w50,1,646,NA, 110 532 0 4 0 ,NA,FALSE,FALSE,FALSE
GrupoD,w51,1,646,NA, 110 532 0 4 0 ,NA,FALSE,FALSE,FALSE
GrupoD,w52,1,646,NA, 110 532 0 4 0 ,NA,FALSE,FALSE,FALSE
GrupoD,w53,1,646,NA, 110 532 0 4 0 ,NA,FALSE,FALSE,FALSE
GrupoD,w54,1,646,NA, 114 528 0 4 0 ,NA,FALSE,FALSE,FALSE
GrupoD,w55,1,646,NA, 114 528 0 4 0 ,NA,FALSE,FALSE,FALSE
GrupoD,w56,1,646,NA, 110 532 0 4 0 ,NA,FALSE,FALSE,FALSE
GrupoD,w57,1,646,NA, 110 532 0 4 0 ,NA,FALSE,FALSE,FALSE
GrupoD,w58,1,770,NA, 110 656 0 4 0 ,NA,FALSE,FALSE,FALSE
GrupoD,w59,1,770,NA, 110 656 0 4 0 ,NA,FALSE,FALSE,FALSE
GrupoD,w60,1,770,NA, 110 656 0 4 0 ,NA,FALSE,FALSE,FALSE
GrupoD,w61,1,928,NA, 134 790 0 4 0 ,NA,FALSE,FALSE,FALSE
GrupoD,w62,1,928,NA, 134 790 0 4 0 ,NA,FALSE,FALSE,FALSE
GrupoD,w63,2,38,NA, 34 0 0 4 0 ,NA,FALSE,FALSE,FALSE
GrupoD,w64,1,27,NA, 23 0 0 4 0 ,NA,FALSE,FALSE,FALSE
GrupoD,w65,1,3834,NA, 286 3544 0 4 0 ,NA,FALSE,FALSE,FALSE
GrupoD,w66,1,4496,NA, 294 4198 0 4 0 ,NA,FALSE,FALSE,FALSE
GrupoD,w67,1,3834,NA, 286 3544 0 4 0 ,NA,FALSE,FALSE,FALSE
GrupoD,w68,1,90,NA, 86 0 0 4 0 ,NA,FALSE,FALSE,FALSE
GrupoD,w69,0,54,NA, 50 0 0 4 0 ,NA,TRUE,FALSE,FALSE
GrupoD,w70,1,38,NA, 34 0 0 4 0 ,NA,FALSE,FALSE,FALSE
GrupoD,w71,1,1318,NA, 133 1181 0 4 0 ,NA,FALSE,FALSE,FALSE
GrupoD,w72,1,1176,NA, 122 1050 0 4 0 ,NA,FALSE,FALSE,FALSE
GrupoD,w73,1,58,NA, 54 0 0 4 0 ,NA,FALSE,FALSE,FALSE
GrupoD,w74,1,1459,NA, 141 1314 0 4 0 ,NA,FALSE,FALSE,FALSE
GrupoD,w75,1,82,NA, 78 0 0 4 0 ,NA,FALSE,FALSE,FALSE
GrupoD,w76,0,81,NA, 77 0 0 4 0 ,NA,TRUE,FALSE,FALSE
GrupoD,w77,1,49,NA, 45 0 0 4 0 ,NA,FALSE,FALSE,FALSE
GrupoD,w78,1,55,NA, 51 0 0 4 0 ,NA,FALSE,FALSE,FALSE
GrupoE,w00,0,0,NA,no leaks are possible,NA,TRUE,TRUE,TRUE
GrupoE,w01,0,0,NA,no leaks are possible,NA,TRUE,TRUE,TRUE
GrupoE,w02,0,0,NA,no leaks are possible,NA,TRUE,TRUE,TRUE
GrupoE,w03,0,0,NA,no leaks are possible,NA,TRUE,TRUE,TRUE
GrupoE,w04,0,0,NA,no leaks are possible,NA,TRUE,TRUE,TRUE
GrupoE,w05,0,0,NA,no leaks are possible,NA,TRUE,TRUE,TRUE
GrupoE,w06,0,0,NA,no leaks are possible,NA,TRUE,TRUE,TRUE
GrupoE,w07,0,0,NA,no leaks are possible,NA,TRUE,TRUE,TRUE
GrupoE,w08,0,0,NA,no leaks are possible,NA,TRUE,TRUE,TRUE
GrupoE,w09,0,0,NA,no leaks are possible,NA,TRUE,TRUE,TRUE
GrupoE,w10,0,0,NA,no leaks are possible,NA,TRUE,TRUE,TRUE
GrupoE,w11,0,0,NA,no leaks are possible,NA,TRUE,TRUE,TRUE
GrupoE,w12,0,0,NA,no leaks are possible,NA,TRUE,TRUE,TRUE
GrupoE,w13,0,0,NA,no leaks are possible,NA,TRUE,TRUE,TRUE
GrupoE,w14,0,0,NA,no leaks are possible,NA,TRUE,TRUE,TRUE
GrupoE,w15,0,0,NA,no leaks are possible,NA,TRUE,TRUE,TRUE
GrupoE,w16,0,0,NA,no leaks are possible,NA,TRUE,TRUE,TRUE
GrupoE,w17,0,0,NA,no leaks are possible,NA,TRUE,TRUE,TRUE
GrupoE,w18,0,0,NA,no leaks are possible,NA,TRUE,TRUE,TRUE
GrupoE,w19,0,0,NA,no leaks are possible,NA,TRUE,TRUE,TRUE
GrupoE,w20,0,0,NA,no leaks are possible,NA,TRUE,TRUE,TRUE
GrupoE,w21,0,0,NA,no leaks are possible,NA,TRUE,TRUE,TRUE
GrupoE,w22,0,0,NA,no leaks are possible,NA,TRUE,TRUE,TRUE
GrupoE,w23,0,0,NA,no leaks are possible,NA,TRUE,TRUE,TRUE
GrupoE,w24,0,0,NA,no leaks are possible,NA,TRUE,TRUE,TRUE
GrupoE,w25,0,0,NA,no leaks are possible,NA,TRUE,TRUE,TRUE
GrupoE,w26,0,0,NA,no leaks are possible,NA,TRUE,TRUE,TRUE
GrupoE,w27,0,0,NA,no leaks are possible,NA,TRUE,TRUE,TRUE
GrupoE,w28,0,0,NA,no leaks are possible,NA,TRUE,TRUE,TRUE
GrupoE,w29,0,0,NA,no leaks are possible,NA,TRUE,TRUE,TRUE
GrupoE,w30,0,0,NA,no leaks are possible,NA,TRUE,TRUE,TRUE
GrupoE,w31,0,0,NA,no leaks are possible,NA,TRUE,TRUE,TRUE
GrupoE,w32,0,0,NA,no leaks are possible,NA,TRUE,TRUE,TRUE
GrupoE,w33,0,0,NA,no leaks are possible,NA,TRUE,TRUE,TRUE
GrupoE,w34,0,0,NA,no leaks are possible,NA,TRUE,TRUE,TRUE
GrupoE,w35,0,0,NA,no leaks are possible,NA,TRUE,TRUE,TRUE
GrupoE,w36,0,0,NA,no leaks are possible,NA,TRUE,TRUE,TRUE
GrupoE,w37,0,0,NA,no leaks are possible,NA,TRUE,TRUE,TRUE
GrupoE,w38,0,0,NA,no leaks are possible,NA,TRUE,TRUE,TRUE
GrupoE,w39,0,0,NA,no leaks are possible,NA,TRUE,TRUE,TRUE
GrupoE,w40,0,0,NA,no leaks are possible,NA,TRUE,TRUE,TRUE
GrupoE,w41,0,0,NA,no leaks are possible,NA,TRUE,TRUE,TRUE
GrupoE,w42,0,0,NA,no leaks are possible,NA,TRUE,TRUE,TRUE
GrupoE,w43,0,0,NA,no leaks are possible,NA,TRUE,TRUE,TRUE
GrupoE,w44,0,0,NA,no leaks are possible,NA,TRUE,TRUE,TRUE
GrupoE,w45,0,0,NA,no leaks are possible,NA,TRUE,TRUE,TRUE
GrupoE,w46,0,0,NA,no leaks are possible,NA,TRUE,TRUE,TRUE
GrupoE,w47,0,0,NA,no leaks are possible,NA,TRUE,TRUE,TRUE
GrupoE,w48,0,0,NA,no leaks are possible,NA,TRUE,TRUE,TRUE
GrupoE,w49,0,0,NA,no leaks are possible,NA,TRUE,TRUE,TRUE
GrupoE,w50,0,0,NA,no leaks are possible,NA,TRUE,TRUE,TRUE
GrupoE,w51,0,0,NA,no leaks are possible,NA,TRUE,TRUE,TRUE
GrupoE,w52,0,0,NA,no leaks are possible,NA,TRUE,TRUE,TRUE
GrupoE,w53,0,0,NA,no leaks are possible,NA,TRUE,TRUE,TRUE
GrupoE,w54,0,0,NA,no leaks are possible,NA,TRUE,TRUE,TRUE
GrupoE,w55,0,0,NA,no leaks are possible,NA,TRUE,TRUE,TRUE
GrupoE,w56,0,0,NA,no leaks are possible,NA,TRUE,TRUE,TRUE
GrupoE,w57,0,0,NA,no leaks are possible,NA,TRUE,TRUE,TRUE
GrupoE,w58,0,0,NA,no leaks are possible,NA,TRUE,TRUE,TRUE
GrupoE,w59,0,0,NA,no leaks are possible,NA,TRUE,TRUE,TRUE
GrupoE,w60,0,0,NA,no leaks are possible,NA,TRUE,TRUE,TRUE
GrupoE,w61,0,0,NA,no leaks are possible,NA,TRUE,TRUE,TRUE
GrupoE,w62,0,0,NA,no leaks are possible,NA,TRUE,TRUE,TRUE
GrupoE,w63,0,0,NA,no leaks are possible,NA,TRUE,TRUE,TRUE
GrupoE,w64,0,0,NA,no leaks are possible,NA,TRUE,TRUE,TRUE
GrupoE,w65,0,0,NA,no leaks are possible,NA,TRUE,TRUE,TRUE
GrupoE,w66,0,0,NA,no leaks are possible,NA,TRUE,TRUE,TRUE
GrupoE,w67,0,0,NA,no leaks are possible,NA,TRUE,TRUE,TRUE
GrupoE,w68,0,0,NA,no leaks are possible,NA,TRUE,TRUE,TRUE
GrupoE,w69,0,0,NA,no leaks are possible,NA,TRUE,TRUE,TRUE
GrupoE,w70,0,0,NA,no leaks are possible,NA,TRUE,TRUE,TRUE
GrupoE,w71,0,0,NA,no leaks are possible,NA,TRUE,TRUE,TRUE
GrupoE,w72,0,0,NA,no leaks are possible,NA,TRUE,TRUE,TRUE
GrupoE,w73,0,0,NA,no leaks are possible,NA,TRUE,TRUE,TRUE
GrupoE,w74,0,0,NA,no leaks are possible,NA,TRUE,TRUE,TRUE
GrupoE,w75,0,0,NA,no leaks are possible,NA,TRUE,TRUE,TRUE
GrupoE,w76,0,0,NA,no leaks are possible,NA,TRUE,TRUE,TRUE
GrupoE,w77,0,0,NA,no leaks are possible,NA,TRUE,TRUE,TRUE
GrupoE,w78,0,0,NA,no leaks are possible,NA,TRUE,TRUE,TRUE
GrupoG,w00,1,-1,NA,NA,timeout: failed to run command ‘./etapa3’: No such file or directory ,FALSE,FALSE,FALSE
GrupoG,w01,1,-1,NA,NA,timeout: failed to run command ‘./etapa3’: No such file or directory ,FALSE,FALSE,FALSE
GrupoG,w02,1,-1,NA,NA,timeout: failed to run command ‘./etapa3’: No such file or directory ,FALSE,FALSE,FALSE
GrupoG,w03,1,-1,NA,NA,timeout: failed to run command ‘./etapa3’: No such file or directory ,FALSE,FALSE,FALSE
GrupoG,w04,1,-1,NA,NA,timeout: failed to run command ‘./etapa3’: No such file or directory ,FALSE,FALSE,FALSE
GrupoG,w05,1,-1,NA,NA,timeout: failed to run command ‘./etapa3’: No such file or directory ,FALSE,FALSE,FALSE
GrupoG,w06,1,-1,NA,NA,timeout: failed to run command ‘./etapa3’: No such file or directory ,FALSE,FALSE,FALSE
GrupoG,w07,1,-1,NA,NA,timeout: failed to run command ‘./etapa3’: No such file or directory ,FALSE,FALSE,FALSE
GrupoG,w08,1,-1,NA,NA,timeout: failed to run command ‘./etapa3’: No such file or directory ,FALSE,FALSE,FALSE
GrupoG,w09,1,-1,NA,NA,timeout: failed to run command ‘./etapa3’: No such file or directory ,FALSE,FALSE,FALSE
GrupoG,w10,1,-1,NA,NA,timeout: failed to run command ‘./etapa3’: No such file or directory ,FALSE,FALSE,FALSE
GrupoG,w11,1,-1,NA,NA,timeout: failed to run command ‘./etapa3’: No such file or directory ,FALSE,FALSE,FALSE
GrupoG,w12,1,-1,NA,NA,timeout: failed to run command ‘./etapa3’: No such file or directory ,FALSE,FALSE,FALSE
GrupoG,w13,1,-1,NA,NA,timeout: failed to run command ‘./etapa3’: No such file or directory ,FALSE,FALSE,FALSE
GrupoG,w14,1,-1,NA,NA,timeout: failed to run command ‘./etapa3’: No such file or directory ,FALSE,FALSE,FALSE
GrupoG,w15,1,-1,NA,NA,timeout: failed to run command ‘./etapa3’: No such file or directory ,FALSE,FALSE,FALSE
GrupoG,w16,1,-1,NA,NA,timeout: failed to run command ‘./etapa3’: No such file or directory ,FALSE,FALSE,FALSE
GrupoG,w17,1,-1,NA,NA,timeout: failed to run command ‘./etapa3’: No such file or directory ,FALSE,FALSE,FALSE
GrupoG,w18,1,-1,NA,NA,timeout: failed to run command ‘./etapa3’: No such file or directory ,FALSE,FALSE,FALSE
GrupoG,w19,1,-1,NA,NA,timeout: failed to run command ‘./etapa3’: No such file or directory ,FALSE,FALSE,FALSE
GrupoG,w20,1,-1,NA,NA,timeout: failed to run command ‘./etapa3’: No such file or directory ,FALSE,FALSE,FALSE
GrupoG,w21,1,-1,NA,NA,timeout: failed to run command ‘./etapa3’: No such file or directory ,FALSE,FALSE,FALSE
GrupoG,w22,1,-1,NA,NA,timeout: failed to run command ‘./etapa3’: No such file or directory ,FALSE,FALSE,FALSE
GrupoG,w23,1,-1,NA,NA,timeout: failed to run command ‘./etapa3’: No such file or directory ,FALSE,FALSE,FALSE
GrupoG,w24,1,-1,NA,NA,timeout: failed to run command ‘./etapa3’: No such file or directory ,FALSE,FALSE,FALSE
GrupoG,w25,1,-1,NA,NA,timeout: failed to run command ‘./etapa3’: No such file or directory ,FALSE,FALSE,FALSE
GrupoG,w26,1,-1,NA,NA,timeout: failed to run command ‘./etapa3’: No such file or directory ,FALSE,FALSE,FALSE
GrupoG,w27,1,-1,NA,NA,timeout: failed to run command ‘./etapa3’: No such file or directory ,FALSE,FALSE,FALSE
GrupoG,w28,1,-1,NA,NA,timeout: failed to run command ‘./etapa3’: No such file or directory ,FALSE,FALSE,FALSE
GrupoG,w29,1,-1,NA,NA,timeout: failed to run command ‘./etapa3’: No such file or directory ,FALSE,FALSE,FALSE
GrupoG,w30,1,-1,NA,NA,timeout: failed to run command ‘./etapa3’: No such file or directory ,FALSE,FALSE,FALSE
GrupoG,w31,1,-1,NA,NA,timeout: failed to run command ‘./etapa3’: No such file or directory ,FALSE,FALSE,FALSE
GrupoG,w32,1,-1,NA,NA,timeout: failed to run command ‘./etapa3’: No such file or directory ,FALSE,FALSE,FALSE
GrupoG,w33,1,-1,NA,NA,timeout: failed to run command ‘./etapa3’: No such file or directory ,FALSE,FALSE,FALSE
GrupoG,w34,1,-1,NA,NA,timeout: failed to run command ‘./etapa3’: No such file or directory ,FALSE,FALSE,FALSE
GrupoG,w35,1,-1,NA,NA,timeout: failed to run command ‘./etapa3’: No such file or directory ,FALSE,FALSE,FALSE
GrupoG,w36,1,-1,NA,NA,timeout: failed to run command ‘./etapa3’: No such file or directory ,FALSE,FALSE,FALSE
GrupoG,w37,1,-1,NA,NA,timeout: failed to run command ‘./etapa3’: No such file or directory ,FALSE,FALSE,FALSE
GrupoG,w38,1,-1,NA,NA,timeout: failed to run command ‘./etapa3’: No such file or directory ,FALSE,FALSE,FALSE
GrupoG,w39,1,-1,NA,NA,timeout: failed to run command ‘./etapa3’: No such file or directory ,FALSE,FALSE,FALSE
GrupoG,w40,1,-1,NA,NA,timeout: failed to run command ‘./etapa3’: No such file or directory ,FALSE,FALSE,FALSE
GrupoG,w41,1,-1,NA,NA,timeout: failed to run command ‘./etapa3’: No such file or directory ,FALSE,FALSE,FALSE
GrupoG,w42,1,-1,NA,NA,timeout: failed to run command ‘./etapa3’: No such file or directory ,FALSE,FALSE,FALSE
GrupoG,w43,1,-1,NA,NA,timeout: failed to run command ‘./etapa3’: No such file or directory ,FALSE,FALSE,FALSE
GrupoG,w44,1,-1,NA,NA,timeout: failed to run command ‘./etapa3’: No such file or directory ,FALSE,FALSE,FALSE
GrupoG,w45,1,-1,NA,NA,timeout: failed to run command ‘./etapa3’: No such file or directory ,FALSE,FALSE,FALSE
GrupoG,w46,1,-1,NA,NA,timeout: failed to run command ‘./etapa3’: No such file or directory ,FALSE,FALSE,FALSE
GrupoG,w47,1,-1,NA,NA,timeout: failed to run command ‘./etapa3’: No such file or directory ,FALSE,FALSE,FALSE
GrupoG,w48,1,-1,NA,NA,timeout: failed to run command ‘./etapa3’: No such file or directory ,FALSE,FALSE,FALSE
GrupoG,w49,1,-1,NA,NA,timeout: failed to run command ‘./etapa3’: No such file or directory ,FALSE,FALSE,FALSE
GrupoG,w50,1,-1,NA,NA,timeout: failed to run command ‘./etapa3’: No such file or directory ,FALSE,FALSE,FALSE
GrupoG,w51,1,-1,NA,NA,timeout: failed to run command ‘./etapa3’: No such file or directory ,FALSE,FALSE,FALSE
GrupoG,w52,1,-1,NA,NA,timeout: failed to run command ‘./etapa3’: No such file or directory ,FALSE,FALSE,FALSE
GrupoG,w53,1,-1,NA,NA,timeout: failed to run command ‘./etapa3’: No such file or directory ,FALSE,FALSE,FALSE
GrupoG,w54,1,-1,NA,NA,timeout: failed to run command ‘./etapa3’: No such file or directory ,FALSE,FALSE,FALSE
GrupoG,w55,1,-1,NA,NA,timeout: failed to run command ‘./etapa3’: No such file or directory ,FALSE,FALSE,FALSE
GrupoG,w56,1,-1,NA,NA,timeout: failed to run command ‘./etapa3’: No such file or directory ,FALSE,FALSE,FALSE
GrupoG,w57,1,-1,NA,NA,timeout: failed to run command ‘./etapa3’: No such file or directory ,FALSE,FALSE,FALSE
GrupoG,w58,1,-1,NA,NA,timeout: failed to run command ‘./etapa3’: No such file or directory ,FALSE,FALSE,FALSE
GrupoG,w59,1,-1,NA,NA,timeout: failed to run command ‘./etapa3’: No such file or directory ,FALSE,FALSE,FALSE
GrupoG,w60,1,-1,NA,NA,timeout: failed to run command ‘./etapa3’: No such file or directory ,FALSE,FALSE,FALSE
GrupoG,w61,1,-1,NA,NA,timeout: failed to run command ‘./etapa3’: No such file or directory ,FALSE,FALSE,FALSE
GrupoG,w62,1,-1,NA,NA,timeout: failed to run command ‘./etapa3’: No such file or directory ,FALSE,FALSE,FALSE
GrupoG,w63,1,-1,NA,NA,timeout: failed to run command ‘./etapa3’: No such file or directory ,FALSE,FALSE,FALSE
GrupoG,w64,1,-1,NA,NA,timeout: failed to run command ‘./etapa3’: No such file or directory ,FALSE,FALSE,FALSE
GrupoG,w65,1,-1,NA,NA,timeout: failed to run command ‘./etapa3’: No such file or directory ,FALSE,FALSE,FALSE
GrupoG,w66,1,-1,NA,NA,timeout: failed to run command ‘./etapa3’: No such file or directory ,FALSE,FALSE,FALSE
GrupoG,w67,1,-1,NA,NA,timeout: failed to run command ‘./etapa3’: No such file or directory ,FALSE,FALSE,FALSE
GrupoG,w68,1,-1,NA,NA,timeout: failed to run command ‘./etapa3’: No such file or directory ,FALSE,FALSE,FALSE
GrupoG,w69,1,-1,NA,NA,timeout: failed to run command ‘./etapa3’: No such file or directory ,FALSE,FALSE,FALSE
GrupoG,w70,1,-1,NA,NA,timeout: failed to run command ‘./etapa3’: No such file or directory ,FALSE,FALSE,FALSE
GrupoG,w71,1,-1,NA,NA,timeout: failed to run command ‘./etapa3’: No such file or directory ,FALSE,FALSE,FALSE
GrupoG,w72,1,-1,NA,NA,timeout: failed to run command ‘./etapa3’: No such file or directory ,FALSE,FALSE,FALSE
GrupoG,w73,1,-1,NA,NA,timeout: failed to run command ‘./etapa3’: No such file or directory ,FALSE,FALSE,FALSE
GrupoG,w74,1,-1,NA,NA,timeout: failed to run command ‘./etapa3’: No such file or directory ,FALSE,FALSE,FALSE
GrupoG,w75,1,-1,NA,NA,timeout: failed to run command ‘./etapa3’: No such file or directory ,FALSE,FALSE,FALSE
GrupoG,w76,1,-1,NA,NA,timeout: failed to run command ‘./etapa3’: No such file or directory ,FALSE,FALSE,FALSE
GrupoG,w77,1,-1,NA,NA,timeout: failed to run command ‘./etapa3’: No such file or directory ,FALSE,FALSE,FALSE
GrupoG,w78,1,-1,NA,NA,timeout: failed to run command ‘./etapa3’: No such file or directory ,FALSE,FALSE,FALSE
GrupoH,w00,0,0,NA,no leaks are possible,NA,TRUE,TRUE,TRUE
GrupoH,w01,0,0,NA,no leaks are possible,NA,TRUE,TRUE,TRUE
GrupoH,w02,0,0,NA,no leaks are possible,NA,TRUE,TRUE,TRUE
GrupoH,w03,0,0,NA,no leaks are possible,NA,TRUE,TRUE,TRUE
GrupoH,w04,0,0,NA,no leaks are possible,NA,TRUE,TRUE,TRUE
GrupoH,w05,0,0,NA,no leaks are possible,NA,TRUE,TRUE,TRUE
GrupoH,w06,0,0,NA,no leaks are possible,NA,TRUE,TRUE,TRUE
GrupoH,w07,0,0,NA,no leaks are possible,NA,TRUE,TRUE,TRUE
GrupoH,w08,0,0,NA,no leaks are possible,NA,TRUE,TRUE,TRUE
GrupoH,w09,0,0,NA,no leaks are possible,NA,TRUE,TRUE,TRUE
GrupoH,w10,0,0,NA,no leaks are possible,NA,TRUE,TRUE,TRUE
GrupoH,w11,0,0,NA,no leaks are possible,NA,TRUE,TRUE,TRUE
GrupoH,w12,0,0,NA,no leaks are possible,NA,TRUE,TRUE,TRUE
GrupoH,w13,0,0,NA,no leaks are possible,NA,TRUE,TRUE,TRUE
GrupoH,w14,0,0,NA,no leaks are possible,NA,TRUE,TRUE,TRUE
GrupoH,w15,0,0,NA,no leaks are possible,NA,TRUE,TRUE,TRUE
GrupoH,w16,0,0,NA,no leaks are possible,NA,TRUE,TRUE,TRUE
GrupoH,w17,0,0,NA,no leaks are possible,NA,TRUE,TRUE,TRUE
GrupoH,w18,0,0,NA,no leaks are possible,NA,TRUE,TRUE,TRUE
GrupoH,w19,0,0,NA,no leaks are possible,NA,TRUE,TRUE,TRUE
GrupoH,w20,0,0,NA,no leaks are possible,NA,TRUE,TRUE,TRUE
GrupoH,w21,0,0,NA,no leaks are possible,NA,TRUE,TRUE,TRUE
GrupoH,w22,0,0,NA,no leaks are possible,NA,TRUE,TRUE,TRUE
GrupoH,w23,0,0,NA,no leaks are possible,NA,TRUE,TRUE,TRUE
GrupoH,w24,0,0,NA,no leaks are possible,NA,TRUE,TRUE,TRUE
GrupoH,w25,0,0,NA,no leaks are possible,NA,TRUE,TRUE,TRUE
GrupoH,w26,0,0,NA,no leaks are possible,NA,TRUE,TRUE,TRUE
GrupoH,w27,0,0,NA,no leaks are possible,NA,TRUE,TRUE,TRUE
GrupoH,w28,0,0,NA,no leaks are possible,NA,TRUE,TRUE,TRUE
GrupoH,w29,0,0,NA,no leaks are possible,NA,TRUE,TRUE,TRUE
GrupoH,w30,0,0,NA,no leaks are possible,NA,TRUE,TRUE,TRUE
GrupoH,w31,0,0,NA,no leaks are possible,NA,TRUE,TRUE,TRUE
GrupoH,w32,0,0,NA,no leaks are possible,NA,TRUE,TRUE,TRUE
GrupoH,w33,0,0,NA,no leaks are possible,NA,TRUE,TRUE,TRUE
GrupoH,w34,0,0,NA,no leaks are possible,NA,TRUE,TRUE,TRUE
GrupoH,w35,0,0,NA,no leaks are possible,NA,TRUE,TRUE,TRUE
GrupoH,w36,0,0,NA,no leaks are possible,NA,TRUE,TRUE,TRUE
GrupoH,w37,0,0,NA,no leaks are possible,NA,TRUE,TRUE,TRUE
GrupoH,w38,0,0,NA,no leaks are possible,NA,TRUE,TRUE,TRUE
GrupoH,w39,0,0,NA,no leaks are possible,NA,TRUE,TRUE,TRUE
GrupoH,w40,0,0,NA,no leaks are possible,NA,TRUE,TRUE,TRUE
GrupoH,w41,0,0,NA,no leaks are possible,NA,TRUE,TRUE,TRUE
GrupoH,w42,0,0,NA,no leaks are possible,NA,TRUE,TRUE,TRUE
GrupoH,w43,0,0,NA,no leaks are possible,NA,TRUE,TRUE,TRUE
GrupoH,w44,0,0,NA,no leaks are possible,NA,TRUE,TRUE,TRUE
GrupoH,w45,0,0,NA,no leaks are possible,NA,TRUE,TRUE,TRUE
GrupoH,w46,0,0,NA,no leaks are possible,NA,TRUE,TRUE,TRUE
GrupoH,w47,0,0,NA,no leaks are possible,NA,TRUE,TRUE,TRUE
GrupoH,w48,0,0,NA,no leaks are possible,NA,TRUE,TRUE,TRUE
GrupoH,w49,0,0,NA,no leaks are possible,NA,TRUE,TRUE,TRUE
GrupoH,w50,0,0,NA,no leaks are possible,NA,TRUE,TRUE,TRUE
GrupoH,w51,0,0,NA,no leaks are possible,NA,TRUE,TRUE,TRUE
GrupoH,w52,0,0,NA,no leaks are possible,NA,TRUE,TRUE,TRUE
GrupoH,w53,0,0,NA,no leaks are possible,NA,TRUE,TRUE,TRUE
GrupoH,w54,0,0,NA,no leaks are possible,NA,TRUE,TRUE,TRUE
GrupoH,w55,0,0,NA,no leaks are possible,NA,TRUE,TRUE,TRUE
GrupoH,w56,0,0,NA,no leaks are possible,NA,TRUE,TRUE,TRUE
GrupoH,w57,0,0,NA,no leaks are possible,NA,TRUE,TRUE,TRUE
GrupoH,w58,0,0,NA,no leaks are possible,NA,TRUE,TRUE,TRUE
GrupoH,w59,0,0,NA,no leaks are possible,NA,TRUE,TRUE,TRUE
GrupoH,w60,0,0,NA,no leaks are possible,NA,TRUE,TRUE,TRUE
GrupoH,w61,0,0,NA,no leaks are possible,NA,TRUE,TRUE,TRUE
GrupoH,w62,0,0,NA,no leaks are possible,NA,TRUE,TRUE,TRUE
GrupoH,w63,0,0,NA,no leaks are possible,NA,TRUE,TRUE,TRUE
GrupoH,w64,0,0,NA,no leaks are possible,NA,TRUE,TRUE,TRUE
GrupoH,w65,0,0,NA,no leaks are possible,NA,TRUE,TRUE,TRUE
GrupoH,w66,0,0,NA,no leaks are possible,NA,TRUE,TRUE,TRUE
GrupoH,w67,0,0,NA,no leaks are possible,NA,TRUE,TRUE,TRUE
GrupoH,w68,0,0,NA,no leaks are possible,NA,TRUE,TRUE,TRUE
GrupoH,w69,0,0,NA,no leaks are possible,NA,TRUE,TRUE,TRUE
GrupoH,w70,0,0,NA,no leaks are possible,NA,TRUE,TRUE,TRUE
GrupoH,w71,0,0,NA,no leaks are possible,NA,TRUE,TRUE,TRUE
GrupoH,w72,0,0,NA,no leaks are possible,NA,TRUE,TRUE,TRUE
GrupoH,w73,0,0,NA,no leaks are possible,NA,TRUE,TRUE,TRUE
GrupoH,w74,0,0,NA,no leaks are possible,NA,TRUE,TRUE,TRUE
GrupoH,w75,0,0,NA,no leaks are possible,NA,TRUE,TRUE,TRUE
GrupoH,w76,0,0,NA,no leaks are possible,NA,TRUE,TRUE,TRUE
GrupoH,w77,0,0,NA,no leaks are possible,NA,TRUE,TRUE,TRUE
GrupoH,w78,0,0,NA,no leaks are possible,NA,TRUE,TRUE,TRUE
GrupoI,w00,0,0,NA,no leaks are possible,NA,TRUE,TRUE,TRUE
GrupoI,w01,0,0,NA,no leaks are possible,NA,TRUE,TRUE,TRUE
GrupoI,w02,0,0,NA,no leaks are possible,NA,TRUE,TRUE,TRUE
GrupoI,w03,0,208,NA, 208 0 0 0 0 ,NA,TRUE,FALSE,FALSE
GrupoI,w04,0,0,NA,no leaks are possible,NA,TRUE,TRUE,TRUE
GrupoI,w05,0,0,NA,no leaks are possible,NA,TRUE,TRUE,TRUE
GrupoI,w06,0,0,NA,no leaks are possible,NA,TRUE,TRUE,TRUE
GrupoI,w07,0,0,NA,no leaks are possible,NA,TRUE,TRUE,TRUE
GrupoI,w08,0,0,NA,no leaks are possible,NA,TRUE,TRUE,TRUE
GrupoI,w09,0,208,NA, 208 0 0 0 0 ,NA,TRUE,FALSE,FALSE
GrupoI,w10,0,0,NA,no leaks are possible,NA,TRUE,TRUE,TRUE
GrupoI,w11,0,0,NA,no leaks are possible,NA,TRUE,TRUE,TRUE
GrupoI,w12,0,0,NA,no leaks are possible,NA,TRUE,TRUE,TRUE
GrupoI,w13,0,0,NA,no leaks are possible,NA,TRUE,TRUE,TRUE
GrupoI,w14,1,264,NA, 56 0 0 208 0 ,NA,FALSE,FALSE,FALSE
GrupoI,w15,0,0,NA,no leaks are possible,NA,TRUE,TRUE,TRUE
GrupoI,w16,0,0,NA,no leaks are possible,NA,TRUE,TRUE,TRUE
GrupoI,w17,0,0,NA,no leaks are possible,NA,TRUE,TRUE,TRUE
GrupoI,w18,0,0,NA,no leaks are possible,NA,TRUE,TRUE,TRUE
GrupoI,w19,0,0,NA,no leaks are possible,NA,TRUE,TRUE,TRUE
GrupoI,w20,0,0,NA,no leaks are possible,NA,TRUE,TRUE,TRUE
GrupoI,w21,0,0,NA,no leaks are possible,NA,TRUE,TRUE,TRUE
GrupoI,w22,0,0,NA,no leaks are possible,NA,TRUE,TRUE,TRUE
GrupoI,w23,0,0,NA,no leaks are possible,NA,TRUE,TRUE,TRUE
GrupoI,w24,0,0,NA,no leaks are possible,NA,TRUE,TRUE,TRUE
GrupoI,w25,0,0,NA,no leaks are possible,NA,TRUE,TRUE,TRUE
GrupoI,w26,0,0,NA,no leaks are possible,NA,TRUE,TRUE,TRUE
GrupoI,w27,0,0,NA,no leaks are possible,NA,TRUE,TRUE,TRUE
GrupoI,w28,0,0,NA,no leaks are possible,NA,TRUE,TRUE,TRUE
GrupoI,w29,0,0,NA,no leaks are possible,NA,TRUE,TRUE,TRUE
GrupoI,w30,1,-1,NA,NA,"[3]: syntax error, unexpected TOKEN_ERRO ",FALSE,FALSE,FALSE
GrupoI,w31,0,0,NA,no leaks are possible,NA,TRUE,TRUE,TRUE
GrupoI,w32,0,0,NA,no leaks are possible,NA,TRUE,TRUE,TRUE
GrupoI,w33,0,0,NA,no leaks are possible,NA,TRUE,TRUE,TRUE
GrupoI,w34,0,0,NA,no leaks are possible,NA,TRUE,TRUE,TRUE
GrupoI,w35,0,0,NA,no leaks are possible,NA,TRUE,TRUE,TRUE
GrupoI,w36,0,0,NA,no leaks are possible,NA,TRUE,TRUE,TRUE
GrupoI,w37,0,0,NA,no leaks are possible,NA,TRUE,TRUE,TRUE
GrupoI,w38,0,0,NA,no leaks are possible,NA,TRUE,TRUE,TRUE
GrupoI,w39,0,0,NA,no leaks are possible,NA,TRUE,TRUE,TRUE
GrupoI,w40,0,0,NA,no leaks are possible,NA,TRUE,TRUE,TRUE
GrupoI,w41,1,-1,NA,NA,"[4]: syntax error, unexpected TOKEN_ERRO ",FALSE,FALSE,FALSE
GrupoI,w42,0,0,NA,no leaks are possible,NA,TRUE,TRUE,TRUE
GrupoI,w43,0,0,NA,no leaks are possible,NA,TRUE,TRUE,TRUE
GrupoI,w44,0,0,NA,no leaks are possible,NA,TRUE,TRUE,TRUE
GrupoI,w45,0,0,NA,no leaks are possible,NA,TRUE,TRUE,TRUE
GrupoI,w46,0,0,NA,no leaks are possible,NA,TRUE,TRUE,TRUE
GrupoI,w47,0,0,NA,no leaks are possible,NA,TRUE,TRUE,TRUE
GrupoI,w48,0,0,NA,no leaks are possible,NA,TRUE,TRUE,TRUE
GrupoI,w49,0,0,NA,no leaks are possible,NA,TRUE,TRUE,TRUE
GrupoI,w50,0,0,NA,no leaks are possible,NA,TRUE,TRUE,TRUE
GrupoI,w51,0,0,NA,no leaks are possible,NA,TRUE,TRUE,TRUE
GrupoI,w52,0,0,NA,no leaks are possible,NA,TRUE,TRUE,TRUE
GrupoI,w53,0,0,NA,no leaks are possible,NA,TRUE,TRUE,TRUE
GrupoI,w54,0,0,NA,no leaks are possible,NA,TRUE,TRUE,TRUE
GrupoI,w55,0,0,NA,no leaks are possible,NA,TRUE,TRUE,TRUE
GrupoI,w56,0,0,NA,no leaks are possible,NA,TRUE,TRUE,TRUE
GrupoI,w57,0,0,NA,no leaks are possible,NA,TRUE,TRUE,TRUE
GrupoI,w58,0,0,NA,no leaks are possible,NA,TRUE,TRUE,TRUE
GrupoI,w59,0,0,NA,no leaks are possible,NA,TRUE,TRUE,TRUE
GrupoI,w60,0,0,NA,no leaks are possible,NA,TRUE,TRUE,TRUE
GrupoI,w61,0,0,NA,no leaks are possible,NA,TRUE,TRUE,TRUE
GrupoI,w62,0,0,NA,no leaks are possible,NA,TRUE,TRUE,TRUE
GrupoI,w63,2,0,NA,no leaks are possible,NA,FALSE,TRUE,FALSE
GrupoI,w64,0,0,NA,no leaks are possible,NA,TRUE,TRUE,TRUE
GrupoI,w65,0,0,NA,no leaks are possible,NA,TRUE,TRUE,TRUE
GrupoI,w66,0,0,NA,no leaks are possible,NA,TRUE,TRUE,TRUE
GrupoI,w67,0,0,NA,no leaks are possible,NA,TRUE,TRUE,TRUE
GrupoI,w68,0,208,NA, 208 0 0 0 0 ,NA,TRUE,FALSE,FALSE
GrupoI,w69,0,0,NA,no leaks are possible,NA,TRUE,TRUE,TRUE
GrupoI,w70,0,0,NA,no leaks are possible,NA,TRUE,TRUE,TRUE
GrupoI,w71,0,0,NA,no leaks are possible,NA,TRUE,TRUE,TRUE
GrupoI,w72,0,0,NA,no leaks are possible,NA,TRUE,TRUE,TRUE
GrupoI,w73,0,0,NA,no leaks are possible,NA,TRUE,TRUE,TRUE
GrupoI,w74,0,208,NA, 208 0 0 0 0 ,NA,TRUE,FALSE,FALSE
GrupoI,w75,0,0,NA,no leaks are possible,NA,TRUE,TRUE,TRUE
GrupoI,w76,0,0,NA,no leaks are possible,NA,TRUE,TRUE,TRUE
GrupoI,w77,0,0,NA,no leaks are possible,NA,TRUE,TRUE,TRUE
GrupoI,w78,0,0,NA,no leaks are possible,NA,TRUE,TRUE,TRUE
GrupoJ,w00,0,0,NA,no leaks are possible,NA,TRUE,TRUE,TRUE
GrupoJ,w01,0,0,NA,no leaks are possible,NA,TRUE,TRUE,TRUE
GrupoJ,w02,0,0,NA,no leaks are possible,NA,TRUE,TRUE,TRUE
GrupoJ,w03,1,0,NA,no leaks are possible,NA,FALSE,TRUE,FALSE
GrupoJ,w04,0,0,NA,no leaks are possible,NA,TRUE,TRUE,TRUE
GrupoJ,w05,0,0,NA,no leaks are possible,NA,TRUE,TRUE,TRUE
GrupoJ,w06,0,0,NA,no leaks are possible,NA,TRUE,TRUE,TRUE
GrupoJ,w07,0,0,NA,no leaks are possible,NA,TRUE,TRUE,TRUE
GrupoJ,w08,0,0,NA,no leaks are possible,NA,TRUE,TRUE,TRUE
GrupoJ,w09,1,0,NA,no leaks are possible,NA,FALSE,TRUE,FALSE
GrupoJ,w10,1,3,NA, 3 0 0 0 0 ,NA,FALSE,FALSE,FALSE
GrupoJ,w11,1,3,NA, 3 0 0 0 0 ,NA,FALSE,FALSE,FALSE
GrupoJ,w12,1,3,NA, 3 0 0 0 0 ,NA,FALSE,FALSE,FALSE
GrupoJ,w13,1,3,NA, 3 0 0 0 0 ,NA,FALSE,FALSE,FALSE
GrupoJ,w14,0,0,NA,no leaks are possible,NA,TRUE,TRUE,TRUE
GrupoJ,w15,0,0,NA,no leaks are possible,NA,TRUE,TRUE,TRUE
GrupoJ,w16,0,0,NA,no leaks are possible,NA,TRUE,TRUE,TRUE
GrupoJ,w17,0,0,NA,no leaks are possible,NA,TRUE,TRUE,TRUE
GrupoJ,w18,0,0,NA,no leaks are possible,NA,TRUE,TRUE,TRUE
GrupoJ,w19,0,0,NA,no leaks are possible,NA,TRUE,TRUE,TRUE
GrupoJ,w20,0,0,NA,no leaks are possible,NA,TRUE,TRUE,TRUE
GrupoJ,w21,0,0,NA,no leaks are possible,NA,TRUE,TRUE,TRUE
GrupoJ,w22,0,0,NA,no leaks are possible,NA,TRUE,TRUE,TRUE
GrupoJ,w23,0,0,NA,no leaks are possible,NA,TRUE,TRUE,TRUE
GrupoJ,w24,0,0,NA,no leaks are possible,NA,TRUE,TRUE,TRUE
GrupoJ,w25,0,0,NA,no leaks are possible,NA,TRUE,TRUE,TRUE
GrupoJ,w26,0,0,NA,no leaks are possible,NA,TRUE,TRUE,TRUE
GrupoJ,w27,0,0,NA,no leaks are possible,NA,TRUE,TRUE,TRUE
GrupoJ,w28,0,0,NA,no leaks are possible,NA,TRUE,TRUE,TRUE
GrupoJ,w29,0,0,NA,no leaks are possible,NA,TRUE,TRUE,TRUE
GrupoJ,w30,0,0,NA,no leaks are possible,NA,TRUE,TRUE,TRUE
GrupoJ,w31,0,0,NA,no leaks are possible,NA,TRUE,TRUE,TRUE
GrupoJ,w32,0,0,NA,no leaks are possible,NA,TRUE,TRUE,TRUE
GrupoJ,w33,0,0,NA,no leaks are possible,NA,TRUE,TRUE,TRUE
GrupoJ,w34,0,0,NA,no leaks are possible,NA,TRUE,TRUE,TRUE
GrupoJ,w35,0,0,NA,no leaks are possible,NA,TRUE,TRUE,TRUE
GrupoJ,w36,0,0,NA,no leaks are possible,NA,TRUE,TRUE,TRUE
GrupoJ,w37,0,0,NA,no leaks are possible,NA,TRUE,TRUE,TRUE
GrupoJ,w38,0,0,NA,no leaks are possible,NA,TRUE,TRUE,TRUE
GrupoJ,w39,0,0,NA,no leaks are possible,NA,TRUE,TRUE,TRUE
GrupoJ,w40,0,0,NA,no leaks are possible,NA,TRUE,TRUE,TRUE
GrupoJ,w41,0,0,NA,no leaks are possible,NA,TRUE,TRUE,TRUE
GrupoJ,w42,0,0,NA,no leaks are possible,NA,TRUE,TRUE,TRUE
GrupoJ,w43,0,0,NA,no leaks are possible,NA,TRUE,TRUE,TRUE
GrupoJ,w44,0,0,NA,no leaks are possible,NA,TRUE,TRUE,TRUE
GrupoJ,w45,0,0,NA,no leaks are possible,NA,TRUE,TRUE,TRUE
GrupoJ,w46,0,0,NA,no leaks are possible,NA,TRUE,TRUE,TRUE
GrupoJ,w47,0,0,NA,no leaks are possible,NA,TRUE,TRUE,TRUE
GrupoJ,w48,0,0,NA,no leaks are possible,NA,TRUE,TRUE,TRUE
GrupoJ,w49,0,0,NA,no leaks are possible,NA,TRUE,TRUE,TRUE
GrupoJ,w50,0,3,NA, 3 0 0 0 0 ,NA,TRUE,FALSE,FALSE
GrupoJ,w51,0,3,NA, 3 0 0 0 0 ,NA,TRUE,FALSE,FALSE
GrupoJ,w52,0,3,NA, 3 0 0 0 0 ,NA,TRUE,FALSE,FALSE
GrupoJ,w53,0,3,NA, 3 0 0 0 0 ,NA,TRUE,FALSE,FALSE
GrupoJ,w54,0,0,NA,no leaks are possible,NA,TRUE,TRUE,TRUE
GrupoJ,w55,0,0,NA,no leaks are possible,NA,TRUE,TRUE,TRUE
GrupoJ,w56,0,3,NA, 3 0 0 0 0 ,NA,TRUE,FALSE,FALSE
GrupoJ,w57,0,3,NA, 3 0 0 0 0 ,NA,TRUE,FALSE,FALSE
GrupoJ,w58,0,0,NA,no leaks are possible,NA,TRUE,TRUE,TRUE
GrupoJ,w59,0,0,NA,no leaks are possible,NA,TRUE,TRUE,TRUE
GrupoJ,w60,0,0,NA,no leaks are possible,NA,TRUE,TRUE,TRUE
GrupoJ,w61,0,0,NA,no leaks are possible,NA,TRUE,TRUE,TRUE
GrupoJ,w62,0,0,NA,no leaks are possible,NA,TRUE,TRUE,TRUE
GrupoJ,w63,0,0,NA,no leaks are possible,NA,TRUE,TRUE,TRUE
GrupoJ,w64,0,0,NA,no leaks are possible,NA,TRUE,TRUE,TRUE
GrupoJ,w65,0,0,NA,no leaks are possible,NA,TRUE,TRUE,TRUE
GrupoJ,w66,0,0,NA,no leaks are possible,NA,TRUE,TRUE,TRUE
GrupoJ,w67,0,0,NA,no leaks are possible,NA,TRUE,TRUE,TRUE
GrupoJ,w68,1,0,NA,no leaks are possible,NA,FALSE,TRUE,FALSE
GrupoJ,w69,0,0,NA,no leaks are possible,NA,TRUE,TRUE,TRUE
GrupoJ,w70,0,0,NA,no leaks are possible,NA,TRUE,TRUE,TRUE
GrupoJ,w71,0,0,NA,no leaks are possible,NA,TRUE,TRUE,TRUE
GrupoJ,w72,0,0,NA,no leaks are possible,NA,TRUE,TRUE,TRUE
GrupoJ,w73,0,0,NA,no leaks are possible,NA,TRUE,TRUE,TRUE
GrupoJ,w74,1,0,NA,no leaks are possible,NA,FALSE,TRUE,FALSE
GrupoJ,w75,0,6,NA, 6 0 0 0 0 ,NA,TRUE,FALSE,FALSE
GrupoJ,w76,0,0,NA,no leaks are possible,NA,TRUE,TRUE,TRUE
GrupoJ,w77,0,3,NA, 3 0 0 0 0 ,NA,TRUE,FALSE,FALSE
GrupoJ,w78,0,3,NA, 3 0 0 0 0 ,NA,TRUE,FALSE,FALSE
GrupoK,w00,0,0,NA,no leaks are possible,NA,TRUE,TRUE,TRUE
GrupoK,w01,2,0,NA,no leaks are possible,NA,FALSE,TRUE,FALSE
GrupoK,w02,0,0,NA,no leaks are possible,NA,TRUE,TRUE,TRUE
GrupoK,w03,2,0,NA,no leaks are possible,NA,FALSE,TRUE,FALSE
GrupoK,w04,0,0,NA,no leaks are possible,NA,TRUE,TRUE,TRUE
GrupoK,w05,0,0,NA,no leaks are possible,NA,TRUE,TRUE,TRUE
GrupoK,w06,0,0,NA,no leaks are possible,NA,TRUE,TRUE,TRUE
GrupoK,w07,0,0,NA,no leaks are possible,NA,TRUE,TRUE,TRUE
GrupoK,w08,0,0,NA,no leaks are possible,NA,TRUE,TRUE,TRUE
GrupoK,w09,2,0,NA,no leaks are possible,NA,FALSE,TRUE,FALSE
GrupoK,w10,0,0,NA,no leaks are possible,NA,TRUE,TRUE,TRUE
GrupoK,w11,0,0,NA,no leaks are possible,NA,TRUE,TRUE,TRUE
GrupoK,w12,0,0,NA,no leaks are possible,NA,TRUE,TRUE,TRUE
GrupoK,w13,0,0,NA,no leaks are possible,NA,TRUE,TRUE,TRUE
GrupoK,w14,0,0,NA,no leaks are possible,NA,TRUE,TRUE,TRUE
GrupoK,w15,0,0,NA,no leaks are possible,NA,TRUE,TRUE,TRUE
GrupoK,w16,0,0,NA,no leaks are possible,NA,TRUE,TRUE,TRUE
GrupoK,w17,0,0,NA,no leaks are possible,NA,TRUE,TRUE,TRUE
GrupoK,w18,0,0,NA,no leaks are possible,NA,TRUE,TRUE,TRUE
GrupoK,w19,0,0,NA,no leaks are possible,NA,TRUE,TRUE,TRUE
GrupoK,w20,0,0,NA,no leaks are possible,NA,TRUE,TRUE,TRUE
GrupoK,w21,0,0,NA,no leaks are possible,NA,TRUE,TRUE,TRUE
GrupoK,w22,0,0,NA,no leaks are possible,NA,TRUE,TRUE,TRUE
GrupoK,w23,0,0,NA,no leaks are possible,NA,TRUE,TRUE,TRUE
GrupoK,w24,0,0,NA,no leaks are possible,NA,TRUE,TRUE,TRUE
GrupoK,w25,0,0,NA,no leaks are possible,NA,TRUE,TRUE,TRUE
GrupoK,w26,0,0,NA,no leaks are possible,NA,TRUE,TRUE,TRUE
GrupoK,w27,0,0,NA,no leaks are possible,NA,TRUE,TRUE,TRUE
GrupoK,w28,0,0,NA,no leaks are possible,NA,TRUE,TRUE,TRUE
GrupoK,w29,2,0,NA,no leaks are possible,NA,FALSE,TRUE,FALSE
GrupoK,w30,0,0,NA,no leaks are possible,NA,TRUE,TRUE,TRUE
GrupoK,w31,0,0,NA,no leaks are possible,NA,TRUE,TRUE,TRUE
GrupoK,w32,0,0,NA,no leaks are possible,NA,TRUE,TRUE,TRUE
GrupoK,w33,0,0,NA,no leaks are possible,NA,TRUE,TRUE,TRUE
GrupoK,w34,0,0,NA,no leaks are possible,NA,TRUE,TRUE,TRUE
GrupoK,w35,0,0,NA,no leaks are possible,NA,TRUE,TRUE,TRUE
GrupoK,w36,0,0,NA,no leaks are possible,NA,TRUE,TRUE,TRUE
GrupoK,w37,0,0,NA,no leaks are possible,NA,TRUE,TRUE,TRUE
GrupoK,w38,0,0,NA,no leaks are possible,NA,TRUE,TRUE,TRUE
GrupoK,w39,0,0,NA,no leaks are possible,NA,TRUE,TRUE,TRUE
GrupoK,w40,0,0,NA,no leaks are possible,NA,TRUE,TRUE,TRUE
GrupoK,w41,0,0,NA,no leaks are possible,NA,TRUE,TRUE,TRUE
GrupoK,w42,0,0,NA,no leaks are possible,NA,TRUE,TRUE,TRUE
GrupoK,w43,0,0,NA,no leaks are possible,NA,TRUE,TRUE,TRUE
GrupoK,w44,0,0,NA,no leaks are possible,NA,TRUE,TRUE,TRUE
GrupoK,w45,0,0,NA,no leaks are possible,NA,TRUE,TRUE,TRUE
GrupoK,w46,0,0,NA,no leaks are possible,NA,TRUE,TRUE,TRUE
GrupoK,w47,0,0,NA,no leaks are possible,NA,TRUE,TRUE,TRUE
GrupoK,w48,0,0,NA,no leaks are possible,NA,TRUE,TRUE,TRUE
GrupoK,w49,0,0,NA,no leaks are possible,NA,TRUE,TRUE,TRUE
GrupoK,w50,0,0,NA,no leaks are possible,NA,TRUE,TRUE,TRUE
GrupoK,w51,0,0,NA,no leaks are possible,NA,TRUE,TRUE,TRUE
GrupoK,w52,0,0,NA,no leaks are possible,NA,TRUE,TRUE,TRUE
GrupoK,w53,0,0,NA,no leaks are possible,NA,TRUE,TRUE,TRUE
GrupoK,w54,0,0,NA,no leaks are possible,NA,TRUE,TRUE,TRUE
GrupoK,w55,0,0,NA,no leaks are possible,NA,TRUE,TRUE,TRUE
GrupoK,w56,0,0,NA,no leaks are possible,NA,TRUE,TRUE,TRUE
GrupoK,w57,0,0,NA,no leaks are possible,NA,TRUE,TRUE,TRUE
GrupoK,w58,0,0,NA,no leaks are possible,NA,TRUE,TRUE,TRUE
GrupoK,w59,0,0,NA,no leaks are possible,NA,TRUE,TRUE,TRUE
GrupoK,w60,0,0,NA,no leaks are possible,NA,TRUE,TRUE,TRUE
GrupoK,w61,0,0,NA,no leaks are possible,NA,TRUE,TRUE,TRUE
GrupoK,w62,0,0,NA,no leaks are possible,NA,TRUE,TRUE,TRUE
GrupoK,w63,0,0,NA,no leaks are possible,NA,TRUE,TRUE,TRUE
GrupoK,w64,1,0,NA,no leaks are possible,NA,FALSE,TRUE,FALSE
GrupoK,w65,0,0,NA,no leaks are possible,NA,TRUE,TRUE,TRUE
GrupoK,w66,0,0,NA,no leaks are possible,NA,TRUE,TRUE,TRUE
GrupoK,w67,0,0,NA,no leaks are possible,NA,TRUE,TRUE,TRUE
GrupoK,w68,2,0,NA,no leaks are possible,NA,FALSE,TRUE,FALSE
GrupoK,w69,2,0,NA,no leaks are possible,NA,FALSE,TRUE,FALSE
GrupoK,w70,0,0,NA,no leaks are possible,NA,TRUE,TRUE,TRUE
GrupoK,w71,0,0,NA,no leaks are possible,NA,TRUE,TRUE,TRUE
GrupoK,w72,0,0,NA,no leaks are possible,NA,TRUE,TRUE,TRUE
GrupoK,w73,0,0,NA,no leaks are possible,NA,TRUE,TRUE,TRUE
GrupoK,w74,0,0,NA,no leaks are possible,NA,TRUE,TRUE,TRUE
GrupoK,w75,2,0,NA,no leaks are possible,NA,FALSE,TRUE,FALSE
GrupoK,w76,2,0,NA,no leaks are possible,NA,FALSE,TRUE,FALSE
GrupoK,w77,2,0,NA,no leaks are possible,NA,FALSE,TRUE,FALSE
GrupoK,w78,2,0,NA,no leaks are possible,NA,FALSE,TRUE,FALSE
GrupoM,w00,2,0,NA,no leaks are possible,NA,FALSE,TRUE,FALSE
GrupoM,w01,0,213,NA, 210 0 0 3 0 ,NA,TRUE,FALSE,FALSE
GrupoM,w02,0,714,NA, 714 0 0 0 0 ,NA,TRUE,FALSE,FALSE
GrupoM,w03,0,510,NA, 424 84 0 2 0 ,NA,TRUE,FALSE,FALSE
GrupoM,w04,0,207,NA, 207 0 0 0 0 ,NA,TRUE,FALSE,FALSE
GrupoM,w05,0,205,NA, 205 0 0 0 0 ,NA,TRUE,FALSE,FALSE
GrupoM,w06,0,318,NA, 318 0 0 0 0 ,NA,TRUE,FALSE,FALSE
GrupoM,w07,0,152,NA, 150 0 0 2 0 ,NA,TRUE,FALSE,FALSE
GrupoM,w08,0,153,NA, 151 0 0 2 0 ,NA,TRUE,FALSE,FALSE
GrupoM,w09,0,1017,NA, 931 84 0 2 0 ,NA,TRUE,FALSE,FALSE
GrupoM,w10,0,380,NA, 380 0 0 0 0 ,NA,TRUE,FALSE,FALSE
GrupoM,w11,0,322,NA, 322 0 0 0 0 ,NA,TRUE,FALSE,FALSE
GrupoM,w12,0,380,NA, 380 0 0 0 0 ,NA,TRUE,FALSE,FALSE
GrupoM,w13,0,322,NA, 322 0 0 0 0 ,NA,TRUE,FALSE,FALSE
GrupoM,w14,0,153,NA, 153 0 0 0 0 ,NA,TRUE,FALSE,FALSE
GrupoM,w15,0,93,NA, 91 0 0 2 0 ,NA,TRUE,FALSE,FALSE
GrupoM,w16,0,96,NA, 94 0 0 2 0 ,NA,TRUE,FALSE,FALSE
GrupoM,w17,0,320,NA, 318 0 0 2 0 ,NA,TRUE,FALSE,FALSE
GrupoM,w18,0,489,NA, 487 0 0 2 0 ,NA,TRUE,FALSE,FALSE
GrupoM,w19,0,489,NA, 489 0 0 0 0 ,NA,TRUE,FALSE,FALSE
GrupoM,w20,0,658,NA, 656 0 0 2 0 ,NA,TRUE,FALSE,FALSE
GrupoM,w21,0,826,NA, 826 0 0 0 0 ,NA,TRUE,FALSE,FALSE
GrupoM,w22,0,321,NA, 321 0 0 0 0 ,NA,TRUE,FALSE,FALSE
GrupoM,w23,0,829,NA, 829 0 0 0 0 ,NA,TRUE,FALSE,FALSE
GrupoM,w24,0,491,NA, 489 0 0 2 0 ,NA,TRUE,FALSE,FALSE
GrupoM,w25,0,829,NA, 829 0 0 0 0 ,NA,TRUE,FALSE,FALSE
GrupoM,w26,0,1164,NA, 1164 0 0 0 0 ,NA,TRUE,FALSE,FALSE
GrupoM,w27,0,659,NA, 659 0 0 0 0 ,NA,TRUE,FALSE,FALSE
GrupoM,w28,0,205,NA, 205 0 0 0 0 ,NA,TRUE,FALSE,FALSE
GrupoM,w29,0,36,NA, 34 0 0 2 0 ,NA,TRUE,FALSE,FALSE
GrupoM,w30,0,375,NA, 375 0 0 0 0 ,NA,TRUE,FALSE,FALSE
GrupoM,w31,0,262,NA, 260 0 0 2 0 ,NA,TRUE,FALSE,FALSE
GrupoM,w32,0,321,NA, 319 0 0 2 0 ,NA,TRUE,FALSE,FALSE
GrupoM,w33,0,320,NA, 320 0 0 0 0 ,NA,TRUE,FALSE,FALSE
GrupoM,w34,0,320,NA, 318 0 0 2 0 ,NA,TRUE,FALSE,FALSE
GrupoM,w35,0,435,NA, 433 0 0 2 0 ,NA,TRUE,FALSE,FALSE
GrupoM,w36,0,435,NA, 433 0 0 2 0 ,NA,TRUE,FALSE,FALSE
GrupoM,w37,1,435,NA, 433 0 0 2 0 ,NA,FALSE,FALSE,FALSE
GrupoM,w38,0,435,NA, 433 0 0 2 0 ,NA,TRUE,FALSE,FALSE
GrupoM,w39,1,663,NA, 661 0 0 2 0 ,NA,FALSE,FALSE,FALSE
GrupoM,w40,0,262,NA, 260 0 0 2 0 ,NA,TRUE,FALSE,FALSE
GrupoM,w41,0,262,NA, 260 0 0 2 0 ,NA,TRUE,FALSE,FALSE
GrupoM,w42,0,262,NA, 260 0 0 2 0 ,NA,TRUE,FALSE,FALSE
GrupoM,w43,0,262,NA, 260 0 0 2 0 ,NA,TRUE,FALSE,FALSE
GrupoM,w44,0,262,NA, 260 0 0 2 0 ,NA,TRUE,FALSE,FALSE
GrupoM,w45,0,262,NA, 260 0 0 2 0 ,NA,TRUE,FALSE,FALSE
GrupoM,w46,0,321,NA, 319 0 0 2 0 ,NA,TRUE,FALSE,FALSE
GrupoM,w47,0,321,NA, 319 0 0 2 0 ,NA,TRUE,FALSE,FALSE
GrupoM,w48,0,321,NA, 319 0 0 2 0 ,NA,TRUE,FALSE,FALSE
GrupoM,w49,0,321,NA, 319 0 0 2 0 ,NA,TRUE,FALSE,FALSE
GrupoM,w50,0,325,NA, 323 0 0 2 0 ,NA,TRUE,FALSE,FALSE
GrupoM,w51,0,325,NA, 323 0 0 2 0 ,NA,TRUE,FALSE,FALSE
GrupoM,w52,0,325,NA, 323 0 0 2 0 ,NA,TRUE,FALSE,FALSE
GrupoM,w53,0,325,NA, 323 0 0 2 0 ,NA,TRUE,FALSE,FALSE
GrupoM,w54,0,321,NA, 319 0 0 2 0 ,NA,TRUE,FALSE,FALSE
GrupoM,w55,0,321,NA, 319 0 0 2 0 ,NA,TRUE,FALSE,FALSE
GrupoM,w56,0,325,NA, 323 0 0 2 0 ,NA,TRUE,FALSE,FALSE
GrupoM,w57,0,325,NA, 323 0 0 2 0 ,NA,TRUE,FALSE,FALSE
GrupoM,w58,0,374,NA, 374 0 0 0 0 ,NA,TRUE,FALSE,FALSE
GrupoM,w59,0,374,NA, 374 0 0 0 0 ,NA,TRUE,FALSE,FALSE
GrupoM,w60,0,374,NA, 374 0 0 0 0 ,NA,TRUE,FALSE,FALSE
GrupoM,w61,0,435,NA, 433 0 0 2 0 ,NA,TRUE,FALSE,FALSE
GrupoM,w62,0,435,NA, 433 0 0 2 0 ,NA,TRUE,FALSE,FALSE
GrupoM,w63,0,230,NA, 221 0 0 9 0 ,NA,TRUE,FALSE,FALSE
GrupoM,w64,0,207,NA, 207 0 0 0 0 ,NA,TRUE,FALSE,FALSE
GrupoM,w65,1,1638,NA, 1636 0 0 2 0 ,NA,FALSE,FALSE,FALSE
GrupoM,w66,0,1921,NA, 1919 0 0 2 0 ,NA,TRUE,FALSE,FALSE
GrupoM,w67,1,1638,NA, 1636 0 0 2 0 ,NA,FALSE,FALSE,FALSE
GrupoM,w68,0,852,NA, 768 84 0 0 0 ,NA,TRUE,FALSE,FALSE
GrupoM,w69,0,34,NA, 32 0 0 2 0 ,NA,TRUE,FALSE,FALSE
GrupoM,w70,0,382,NA, 380 0 0 2 0 ,NA,TRUE,FALSE,FALSE
GrupoM,w71,0,601,NA, 601 0 0 0 0 ,NA,TRUE,FALSE,FALSE
GrupoM,w72,1,545,NA, 543 0 0 2 0 ,NA,FALSE,FALSE,FALSE
GrupoM,w73,0,653,NA, 651 0 0 2 0 ,NA,TRUE,FALSE,FALSE
GrupoM,w74,0,666,NA, 636 28 0 2 0 ,NA,TRUE,FALSE,FALSE
GrupoM,w75,0,606,NA, 606 0 0 0 0 ,NA,TRUE,FALSE,FALSE
GrupoM,w76,0,167,NA, 108 56 0 3 0 ,NA,TRUE,FALSE,FALSE
GrupoM,w77,0,377,NA, 377 0 0 0 0 ,NA,TRUE,FALSE,FALSE
GrupoM,w78,1,489,NA, 489 0 0 0 0 ,NA,FALSE,FALSE,FALSE
GrupoN,w00,0,0,NA,no leaks are possible,NA,TRUE,TRUE,TRUE
GrupoN,w01,1,0,NA,no leaks are possible,NA,FALSE,TRUE,FALSE
GrupoN,w02,1,0,NA,no leaks are possible,NA,FALSE,TRUE,FALSE
GrupoN,w03,1,0,NA,no leaks are possible,NA,FALSE,TRUE,FALSE
GrupoN,w04,1,0,NA,no leaks are possible,NA,FALSE,TRUE,FALSE
GrupoN,w05,1,0,NA,no leaks are possible,NA,FALSE,TRUE,FALSE
GrupoN,w06,1,0,NA,no leaks are possible,NA,FALSE,TRUE,FALSE
GrupoN,w07,1,0,NA,no leaks are possible,NA,FALSE,TRUE,FALSE
GrupoN,w08,1,0,NA,no leaks are possible,NA,FALSE,TRUE,FALSE
GrupoN,w09,1,0,NA,no leaks are possible,NA,FALSE,TRUE,FALSE
GrupoN,w10,1,0,NA,no leaks are possible,NA,FALSE,TRUE,FALSE
GrupoN,w11,1,0,NA,no leaks are possible,NA,FALSE,TRUE,FALSE
GrupoN,w12,1,0,NA,no leaks are possible,NA,FALSE,TRUE,FALSE
GrupoN,w13,1,0,NA,no leaks are possible,NA,FALSE,TRUE,FALSE
GrupoN,w14,1,0,NA,no leaks are possible,NA,FALSE,TRUE,FALSE
GrupoN,w15,1,0,NA,no leaks are possible,NA,FALSE,TRUE,FALSE
GrupoN,w16,1,0,NA,no leaks are possible,NA,FALSE,TRUE,FALSE
GrupoN,w17,1,-1,NA,NA,error in line 6: syntax error ,FALSE,FALSE,FALSE
GrupoN,w18,1,-1,NA,NA,error in line 7: syntax error ,FALSE,FALSE,FALSE
GrupoN,w19,1,-1,NA,NA,error in line 8: syntax error ,FALSE,FALSE,FALSE
GrupoN,w20,1,-1,NA,NA,error in line 9: syntax error ,FALSE,FALSE,FALSE
GrupoN,w21,1,-1,NA,NA,error in line 6: syntax error ,FALSE,FALSE,FALSE
GrupoN,w22,1,-1,NA,NA,error in line 5: syntax error ,FALSE,FALSE,FALSE
GrupoN,w23,1,-1,NA,NA,error in line 8: syntax error ,FALSE,FALSE,FALSE
GrupoN,w24,1,-1,NA,NA,error in line 8: syntax error ,FALSE,FALSE,FALSE
GrupoN,w25,1,-1,NA,NA,error in line 9: syntax error ,FALSE,FALSE,FALSE
GrupoN,w26,1,-1,NA,NA,error in line 6: syntax error ,FALSE,FALSE,FALSE
GrupoN,w27,1,-1,NA,NA,error in line 5: syntax error ,FALSE,FALSE,FALSE
GrupoN,w28,1,-1,NA,NA,error in line 3: syntax error ,FALSE,FALSE,FALSE
GrupoN,w29,1,-1,NA,NA,error in line 3: syntax error ,FALSE,FALSE,FALSE
GrupoN,w30,1,0,NA,no leaks are possible,NA,FALSE,TRUE,FALSE
GrupoN,w31,1,0,NA,no leaks are possible,NA,FALSE,TRUE,FALSE
GrupoN,w32,1,0,NA,no leaks are possible,NA,FALSE,TRUE,FALSE
GrupoN,w33,1,0,NA,no leaks are possible,NA,FALSE,TRUE,FALSE
GrupoN,w34,1,0,NA,no leaks are possible,NA,FALSE,TRUE,FALSE
GrupoN,w35,1,0,NA,no leaks are possible,NA,FALSE,TRUE,FALSE
GrupoN,w36,1,0,NA,no leaks are possible,NA,FALSE,TRUE,FALSE
GrupoN,w37,1,0,NA,no leaks are possible,NA,FALSE,TRUE,FALSE
GrupoN,w38,1,0,NA,no leaks are possible,NA,FALSE,TRUE,FALSE
GrupoN,w39,1,0,NA,no leaks are possible,NA,FALSE,TRUE,FALSE
GrupoN,w40,1,0,NA,no leaks are possible,NA,FALSE,TRUE,FALSE
GrupoN,w41,1,0,NA,no leaks are possible,NA,FALSE,TRUE,FALSE
GrupoN,w42,1,0,NA,no leaks are possible,NA,FALSE,TRUE,FALSE
GrupoN,w43,1,0,NA,no leaks are possible,NA,FALSE,TRUE,FALSE
GrupoN,w44,1,0,NA,no leaks are possible,NA,FALSE,TRUE,FALSE
GrupoN,w45,1,0,NA,no leaks are possible,NA,FALSE,TRUE,FALSE
GrupoN,w46,1,0,NA,no leaks are possible,NA,FALSE,TRUE,FALSE
GrupoN,w47,1,0,NA,no leaks are possible,NA,FALSE,TRUE,FALSE
GrupoN,w48,1,0,NA,no leaks are possible,NA,FALSE,TRUE,FALSE
GrupoN,w49,1,0,NA,no leaks are possible,NA,FALSE,TRUE,FALSE
GrupoN,w50,1,0,NA,no leaks are possible,NA,FALSE,TRUE,FALSE
GrupoN,w51,1,0,NA,no leaks are possible,NA,FALSE,TRUE,FALSE
GrupoN,w52,1,0,NA,no leaks are possible,NA,FALSE,TRUE,FALSE
GrupoN,w53,1,0,NA,no leaks are possible,NA,FALSE,TRUE,FALSE
GrupoN,w54,1,-1,NA,NA,error in line 5: syntax error ,FALSE,FALSE,FALSE
GrupoN,w55,1,-1,NA,NA,error in line 5: syntax error ,FALSE,FALSE,FALSE
GrupoN,w56,1,0,NA,no leaks are possible,NA,FALSE,TRUE,FALSE
GrupoN,w57,1,0,NA,no leaks are possible,NA,FALSE,TRUE,FALSE
GrupoN,w58,1,0,NA,no leaks are possible,NA,FALSE,TRUE,FALSE
GrupoN,w59,1,0,NA,no leaks are possible,NA,FALSE,TRUE,FALSE
GrupoN,w60,1,0,NA,no leaks are possible,NA,FALSE,TRUE,FALSE
GrupoN,w61,1,0,NA,no leaks are possible,NA,FALSE,TRUE,FALSE
GrupoN,w62,1,0,NA,no leaks are possible,NA,FALSE,TRUE,FALSE
GrupoN,w63,134,-1,NA,NA,Double free detected,FALSE,FALSE,FALSE
GrupoN,w64,1,0,NA,no leaks are possible,NA,FALSE,TRUE,FALSE
GrupoN,w65,1,0,NA,no leaks are possible,NA,FALSE,TRUE,FALSE
GrupoN,w66,1,0,NA,no leaks are possible,NA,FALSE,TRUE,FALSE
GrupoN,w67,1,0,NA,no leaks are possible,NA,FALSE,TRUE,FALSE
GrupoN,w68,1,-1,NA,NA,error in line 3: syntax error ,FALSE,FALSE,FALSE
GrupoN,w69,1,-1,NA,NA,error in line 3: syntax error ,FALSE,FALSE,FALSE
GrupoN,w70,1,0,NA,no leaks are possible,NA,FALSE,TRUE,FALSE
GrupoN,w71,1,0,NA,no leaks are possible,NA,FALSE,TRUE,FALSE
GrupoN,w72,1,0,NA,no leaks are possible,NA,FALSE,TRUE,FALSE
GrupoN,w73,1,0,NA,no leaks are possible,NA,FALSE,TRUE,FALSE
GrupoN,w74,1,0,NA,no leaks are possible,NA,FALSE,TRUE,FALSE
GrupoN,w75,1,-1,NA,NA,error in line 3: syntax error ,FALSE,FALSE,FALSE
GrupoN,w76,1,0,NA,no leaks are possible,NA,FALSE,TRUE,FALSE
GrupoN,w77,1,-1,NA,NA,error in line 3: syntax error ,FALSE,FALSE,FALSE
GrupoN,w78,1,-1,NA,NA,error in line 3: syntax error ,FALSE,FALSE,FALSE
GrupoO,w00,2,0,NA,no leaks are possible,NA,FALSE,TRUE,FALSE
GrupoO,w01,2,956,NA, 48 768 0 140 0 ,NA,FALSE,FALSE,FALSE
GrupoO,w02,2,1069,NA, 48 816 0 205 0 ,NA,FALSE,FALSE,FALSE
GrupoO,w03,2,1904,NA, 96 1536 0 272 0 ,NA,FALSE,FALSE,FALSE
GrupoO,w04,2,486,NA, 48 336 0 102 0 ,NA,FALSE,FALSE,FALSE
GrupoO,w05,2,534,NA, 48 384 0 102 0 ,NA,FALSE,FALSE,FALSE
GrupoO,w06,2,809,NA, 48 624 0 137 0 ,NA,FALSE,FALSE,FALSE
GrupoO,w07,2,452,NA, 48 336 0 68 0 ,NA,FALSE,FALSE,FALSE
GrupoO,w08,2,452,NA, 48 336 0 68 0 ,NA,FALSE,FALSE,FALSE
GrupoO,w09,2,2438,NA, 96 1968 0 374 0 ,NA,FALSE,FALSE,FALSE
GrupoO,w10,2,664,NA, 48 480 0 136 0 ,NA,FALSE,FALSE,FALSE
GrupoO,w11,2,809,NA, 48 624 0 137 0 ,NA,FALSE,FALSE,FALSE
GrupoO,w12,2,664,NA, 48 480 0 136 0 ,NA,FALSE,FALSE,FALSE
GrupoO,w13,2,809,NA, 48 624 0 137 0 ,NA,FALSE,FALSE,FALSE
GrupoO,w14,2,357,NA, 48 240 0 69 0 ,NA,FALSE,FALSE,FALSE
GrupoO,w15,2,274,NA, 48 192 0 34 0 ,NA,FALSE,FALSE,FALSE
GrupoO,w16,2,274,NA, 48 192 0 34 0 ,NA,FALSE,FALSE,FALSE
GrupoO,w17,2,726,NA, 48 576 0 102 0 ,NA,FALSE,FALSE,FALSE
GrupoO,w18,2,870,NA, 48 720 0 102 0 ,NA,FALSE,FALSE,FALSE
GrupoO,w19,2,904,NA, 48 720 0 136 0 ,NA,FALSE,FALSE,FALSE
GrupoO,w20,2,1048,NA, 48 864 0 136 0 ,NA,FALSE,FALSE,FALSE
GrupoO,w21,2,1164,NA, 48 912 0 204 0 ,NA,FALSE,FALSE,FALSE
GrupoO,w22,2,630,NA, 48 480 0 102 0 ,NA,FALSE,FALSE,FALSE
GrupoO,w23,2,1356,NA, 48 1104 0 204 0 ,NA,FALSE,FALSE,FALSE
GrupoO,w24,2,1000,NA, 48 816 0 136 0 ,NA,FALSE,FALSE,FALSE
GrupoO,w25,2,1390,NA, 48 1104 0 238 0 ,NA,FALSE,FALSE,FALSE
GrupoO,w26,2,1520,NA, 96 1152 0 272 0 ,NA,FALSE,FALSE,FALSE
GrupoO,w27,2,986,NA, 48 768 0 170 0 ,NA,FALSE,FALSE,FALSE
GrupoO,w28,2,582,NA, 48 432 0 102 0 ,NA,FALSE,FALSE,FALSE
GrupoO,w29,2,404,NA, 48 288 0 68 0 ,NA,FALSE,FALSE,FALSE
GrupoO,w30,2,712,NA, 48 528 0 136 0 ,NA,FALSE,FALSE,FALSE
GrupoO,w31,2,678,NA, 48 528 0 102 0 ,NA,FALSE,FALSE,FALSE
GrupoO,w32,2,856,NA, 48 672 0 136 0 ,NA,FALSE,FALSE,FALSE
GrupoO,w33,2,939,NA, 48 720 0 171 0 ,NA,FALSE,FALSE,FALSE
GrupoO,w34,2,939,NA, 48 720 0 171 0 ,NA,FALSE,FALSE,FALSE
GrupoO,w35,2,1082,NA, 48 864 0 170 0 ,NA,FALSE,FALSE,FALSE
GrupoO,w36,2,1082,NA, 48 864 0 170 0 ,NA,FALSE,FALSE,FALSE
GrupoO,w37,2,1082,NA, 48 864 0 170 0 ,NA,FALSE,FALSE,FALSE
GrupoO,w38,2,1082,NA, 48 864 0 170 0 ,NA,FALSE,FALSE,FALSE
GrupoO,w39,2,1500,NA, 48 1248 0 204 0 ,NA,FALSE,FALSE,FALSE
GrupoO,w40,2,678,NA, 48 528 0 102 0 ,NA,FALSE,FALSE,FALSE
GrupoO,w41,2,678,NA, 48 528 0 102 0 ,NA,FALSE,FALSE,FALSE
GrupoO,w42,2,678,NA, 48 528 0 102 0 ,NA,FALSE,FALSE,FALSE
GrupoO,w43,2,678,NA, 48 528 0 102 0 ,NA,FALSE,FALSE,FALSE
GrupoO,w44,2,678,NA, 48 528 0 102 0 ,NA,FALSE,FALSE,FALSE
GrupoO,w45,2,678,NA, 48 528 0 102 0 ,NA,FALSE,FALSE,FALSE
GrupoO,w46,2,856,NA, 48 672 0 136 0 ,NA,FALSE,FALSE,FALSE
GrupoO,w47,2,856,NA, 48 672 0 136 0 ,NA,FALSE,FALSE,FALSE
GrupoO,w48,2,856,NA, 48 672 0 136 0 ,NA,FALSE,FALSE,FALSE
GrupoO,w49,2,856,NA, 48 672 0 136 0 ,NA,FALSE,FALSE,FALSE
GrupoO,w50,2,856,NA, 48 672 0 136 0 ,NA,FALSE,FALSE,FALSE
GrupoO,w51,2,856,NA, 48 672 0 136 0 ,NA,FALSE,FALSE,FALSE
GrupoO,w52,2,856,NA, 48 672 0 136 0 ,NA,FALSE,FALSE,FALSE
GrupoO,w53,2,856,NA, 48 672 0 136 0 ,NA,FALSE,FALSE,FALSE
GrupoO,w54,2,856,NA, 48 672 0 136 0 ,NA,FALSE,FALSE,FALSE
GrupoO,w55,2,856,NA, 48 672 0 136 0 ,NA,FALSE,FALSE,FALSE
GrupoO,w56,2,856,NA, 48 672 0 136 0 ,NA,FALSE,FALSE,FALSE
GrupoO,w57,2,856,NA, 48 672 0 136 0 ,NA,FALSE,FALSE,FALSE
GrupoO,w58,2,808,NA, 48 624 0 136 0 ,NA,FALSE,FALSE,FALSE
GrupoO,w59,2,808,NA, 48 624 0 136 0 ,NA,FALSE,FALSE,FALSE
GrupoO,w60,2,808,NA, 48 624 0 136 0 ,NA,FALSE,FALSE,FALSE
GrupoO,w61,2,1130,NA, 48 912 0 170 0 ,NA,FALSE,FALSE,FALSE
GrupoO,w62,2,1130,NA, 48 912 0 170 0 ,NA,FALSE,FALSE,FALSE
GrupoO,w63,2,543,NA, 96 336 0 111 0 ,NA,FALSE,FALSE,FALSE
GrupoO,w64,2,536,NA, 96 336 0 104 0 ,NA,FALSE,FALSE,FALSE
GrupoO,w65,2,3712,NA, 48 3120 0 544 0 ,NA,FALSE,FALSE,FALSE
GrupoO,w66,2,4116,NA, 48 3456 0 612 0 ,NA,FALSE,FALSE,FALSE
GrupoO,w67,2,3712,NA, 48 3120 0 544 0 ,NA,FALSE,FALSE,FALSE
GrupoO,w68,2,2012,NA, 96 1536 0 380 0 ,NA,FALSE,FALSE,FALSE
GrupoO,w69,2,274,NA, 48 192 0 34 0 ,NA,FALSE,FALSE,FALSE
GrupoO,w70,2,713,NA, 48 528 0 137 0 ,NA,FALSE,FALSE,FALSE
GrupoO,w71,2,1179,NA, 48 960 0 171 0 ,NA,FALSE,FALSE,FALSE
GrupoO,w72,2,1082,NA, 48 864 0 170 0 ,NA,FALSE,FALSE,FALSE
GrupoO,w73,2,924,NA, 48 672 0 204 0 ,NA,FALSE,FALSE,FALSE
GrupoO,w74,2,1501,NA, 48 1248 0 205 0 ,NA,FALSE,FALSE,FALSE
GrupoO,w75,2,987,NA, 48 768 0 171 0 ,NA,FALSE,FALSE,FALSE
GrupoO,w76,2,1478,NA, 96 1104 0 278 0 ,NA,FALSE,FALSE,FALSE
GrupoO,w77,2,665,NA, 48 480 0 137 0 ,NA,FALSE,FALSE,FALSE
GrupoO,w78,2,795,NA, 48 576 0 171 0 ,NA,FALSE,FALSE,FALSE
GrupoP,w00,0,0,NA,no leaks are possible,NA,TRUE,TRUE,TRUE
GrupoP,w01,0,0,NA,no leaks are possible,NA,TRUE,TRUE,TRUE
GrupoP,w02,0,0,NA,no leaks are possible,NA,TRUE,TRUE,TRUE
GrupoP,w03,0,0,NA,no leaks are possible,NA,TRUE,TRUE,TRUE
GrupoP,w04,0,0,NA,no leaks are possible,NA,TRUE,TRUE,TRUE
GrupoP,w05,0,0,NA,no leaks are possible,NA,TRUE,TRUE,TRUE
GrupoP,w06,1,0,NA,no leaks are possible,NA,FALSE,TRUE,FALSE
GrupoP,w07,0,0,NA,no leaks are possible,NA,TRUE,TRUE,TRUE
GrupoP,w08,0,0,NA,no leaks are possible,NA,TRUE,TRUE,TRUE
GrupoP,w09,0,0,NA,no leaks are possible,NA,TRUE,TRUE,TRUE
GrupoP,w10,0,0,NA,no leaks are possible,NA,TRUE,TRUE,TRUE
GrupoP,w11,1,0,NA,no leaks are possible,NA,FALSE,TRUE,FALSE
GrupoP,w12,0,0,NA,no leaks are possible,NA,TRUE,TRUE,TRUE
GrupoP,w13,1,0,NA,no leaks are possible,NA,FALSE,TRUE,FALSE
GrupoP,w14,0,0,NA,no leaks are possible,NA,TRUE,TRUE,TRUE
GrupoP,w15,0,0,NA,no leaks are possible,NA,TRUE,TRUE,TRUE
GrupoP,w16,0,0,NA,no leaks are possible,NA,TRUE,TRUE,TRUE
GrupoP,w17,0,0,NA,no leaks are possible,NA,TRUE,TRUE,TRUE
GrupoP,w18,0,0,NA,no leaks are possible,NA,TRUE,TRUE,TRUE
GrupoP,w19,0,0,NA,no leaks are possible,NA,TRUE,TRUE,TRUE
GrupoP,w20,0,0,NA,no leaks are possible,NA,TRUE,TRUE,TRUE
GrupoP,w21,0,0,NA,no leaks are possible,NA,TRUE,TRUE,TRUE
GrupoP,w22,0,0,NA,no leaks are possible,NA,TRUE,TRUE,TRUE
GrupoP,w23,0,0,NA,no leaks are possible,NA,TRUE,TRUE,TRUE
GrupoP,w24,0,0,NA,no leaks are possible,NA,TRUE,TRUE,TRUE
GrupoP,w25,0,0,NA,no leaks are possible,NA,TRUE,TRUE,TRUE
GrupoP,w26,0,0,NA,no leaks are possible,NA,TRUE,TRUE,TRUE
GrupoP,w27,0,0,NA,no leaks are possible,NA,TRUE,TRUE,TRUE
GrupoP,w28,0,0,NA,no leaks are possible,NA,TRUE,TRUE,TRUE
GrupoP,w29,0,0,NA,no leaks are possible,NA,TRUE,TRUE,TRUE
GrupoP,w30,0,0,NA,no leaks are possible,NA,TRUE,TRUE,TRUE
GrupoP,w31,0,0,NA,no leaks are possible,NA,TRUE,TRUE,TRUE
GrupoP,w32,0,0,NA,no leaks are possible,NA,TRUE,TRUE,TRUE
GrupoP,w33,1,0,NA,no leaks are possible,NA,FALSE,TRUE,FALSE
GrupoP,w34,1,0,NA,no leaks are possible,NA,FALSE,TRUE,FALSE
GrupoP,w35,0,0,NA,no leaks are possible,NA,TRUE,TRUE,TRUE
GrupoP,w36,0,0,NA,no leaks are possible,NA,TRUE,TRUE,TRUE
GrupoP,w37,0,0,NA,no leaks are possible,NA,TRUE,TRUE,TRUE
GrupoP,w38,0,0,NA,no leaks are possible,NA,TRUE,TRUE,TRUE
GrupoP,w39,0,0,NA,no leaks are possible,NA,TRUE,TRUE,TRUE
GrupoP,w40,0,0,NA,no leaks are possible,NA,TRUE,TRUE,TRUE
GrupoP,w41,0,0,NA,no leaks are possible,NA,TRUE,TRUE,TRUE
GrupoP,w42,0,0,NA,no leaks are possible,NA,TRUE,TRUE,TRUE
GrupoP,w43,0,0,NA,no leaks are possible,NA,TRUE,TRUE,TRUE
GrupoP,w44,0,0,NA,no leaks are possible,NA,TRUE,TRUE,TRUE
GrupoP,w45,0,0,NA,no leaks are possible,NA,TRUE,TRUE,TRUE
GrupoP,w46,0,0,NA,no leaks are possible,NA,TRUE,TRUE,TRUE
GrupoP,w47,0,0,NA,no leaks are possible,NA,TRUE,TRUE,TRUE
GrupoP,w48,0,0,NA,no leaks are possible,NA,TRUE,TRUE,TRUE
GrupoP,w49,0,0,NA,no leaks are possible,NA,TRUE,TRUE,TRUE
GrupoP,w50,0,0,NA,no leaks are possible,NA,TRUE,TRUE,TRUE
GrupoP,w51,0,0,NA,no leaks are possible,NA,TRUE,TRUE,TRUE
GrupoP,w52,0,0,NA,no leaks are possible,NA,TRUE,TRUE,TRUE
GrupoP,w53,0,0,NA,no leaks are possible,NA,TRUE,TRUE,TRUE
GrupoP,w54,0,0,NA,no leaks are possible,NA,TRUE,TRUE,TRUE
GrupoP,w55,0,0,NA,no leaks are possible,NA,TRUE,TRUE,TRUE
GrupoP,w56,0,0,NA,no leaks are possible,NA,TRUE,TRUE,TRUE
GrupoP,w57,0,0,NA,no leaks are possible,NA,TRUE,TRUE,TRUE
GrupoP,w58,0,0,NA,no leaks are possible,NA,TRUE,TRUE,TRUE
GrupoP,w59,0,0,NA,no leaks are possible,NA,TRUE,TRUE,TRUE
GrupoP,w60,0,0,NA,no leaks are possible,NA,TRUE,TRUE,TRUE
GrupoP,w61,0,0,NA,no leaks are possible,NA,TRUE,TRUE,TRUE
GrupoP,w62,0,0,NA,no leaks are possible,NA,TRUE,TRUE,TRUE
GrupoP,w63,0,0,NA,no leaks are possible,NA,TRUE,TRUE,TRUE
GrupoP,w64,0,0,NA,no leaks are possible,NA,TRUE,TRUE,TRUE
GrupoP,w65,0,0,NA,no leaks are possible,NA,TRUE,TRUE,TRUE
GrupoP,w66,0,0,NA,no leaks are possible,NA,TRUE,TRUE,TRUE
GrupoP,w67,0,0,NA,no leaks are possible,NA,TRUE,TRUE,TRUE
GrupoP,w68,0,0,NA,no leaks are possible,NA,TRUE,TRUE,TRUE
GrupoP,w69,0,0,NA,no leaks are possible,NA,TRUE,TRUE,TRUE
GrupoP,w70,0,0,NA,no leaks are possible,NA,TRUE,TRUE,TRUE
GrupoP,w71,1,0,NA,no leaks are possible,NA,FALSE,TRUE,FALSE
GrupoP,w72,0,0,NA,no leaks are possible,NA,TRUE,TRUE,TRUE
GrupoP,w73,1,0,NA,no leaks are possible,NA,FALSE,TRUE,FALSE
GrupoP,w74,1,0,NA,no leaks are possible,NA,FALSE,TRUE,FALSE
GrupoP,w75,0,0,NA,no leaks are possible,NA,TRUE,TRUE,TRUE
GrupoP,w76,0,0,NA,no leaks are possible,NA,TRUE,TRUE,TRUE
GrupoP,w77,0,0,NA,no leaks are possible,NA,TRUE,TRUE,TRUE
GrupoP,w78,0,0,NA,no leaks are possible,NA,TRUE,TRUE,TRUE
GrupoT,w00,0,0,NA,no leaks are possible,NA,TRUE,TRUE,TRUE
GrupoT,w01,134,-1,NA,NA,Double free detected,FALSE,FALSE,FALSE
GrupoT,w02,134,-1,NA,NA,Double free detected,FALSE,FALSE,FALSE
GrupoT,w03,134,-1,NA,NA,Double free detected,FALSE,FALSE,FALSE
GrupoT,w04,134,-1,NA,NA,Double free detected,FALSE,FALSE,FALSE
GrupoT,w05,134,-1,NA,NA,Double free detected,FALSE,FALSE,FALSE
GrupoT,w06,134,-1,NA,NA,Double free detected,FALSE,FALSE,FALSE
GrupoT,w07,134,-1,NA,NA,Double free detected,FALSE,FALSE,FALSE
GrupoT,w08,134,-1,NA,NA,Double free detected,FALSE,FALSE,FALSE
GrupoT,w09,134,-1,NA,NA,Double free detected,FALSE,FALSE,FALSE
GrupoT,w10,134,-1,NA,NA,Double free detected,FALSE,FALSE,FALSE
GrupoT,w11,134,-1,NA,NA,Double free detected,FALSE,FALSE,FALSE
GrupoT,w12,134,-1,NA,NA,Double free detected,FALSE,FALSE,FALSE
GrupoT,w13,134,-1,NA,NA,Double free detected,FALSE,FALSE,FALSE
GrupoT,w14,134,-1,NA,NA,Double free detected,FALSE,FALSE,FALSE
GrupoT,w15,134,-1,NA,NA,Double free detected,FALSE,FALSE,FALSE
GrupoT,w16,134,-1,NA,NA,Double free detected,FALSE,FALSE,FALSE
GrupoT,w17,134,-1,NA,NA,Double free detected,FALSE,FALSE,FALSE
GrupoT,w18,134,-1,NA,NA,Double free detected,FALSE,FALSE,FALSE
GrupoT,w19,134,-1,NA,NA,Double free detected,FALSE,FALSE,FALSE
GrupoT,w20,134,-1,NA,NA,Double free detected,FALSE,FALSE,FALSE
GrupoT,w21,134,-1,NA,NA,Double free detected,FALSE,FALSE,FALSE
GrupoT,w22,134,-1,NA,NA,Double free detected,FALSE,FALSE,FALSE
GrupoT,w23,134,-1,NA,NA,Double free detected,FALSE,FALSE,FALSE
GrupoT,w24,134,-1,NA,NA,Double free detected,FALSE,FALSE,FALSE
GrupoT,w25,134,-1,NA,NA,Double free detected,FALSE,FALSE,FALSE
GrupoT,w26,134,-1,NA,NA,Double free detected,FALSE,FALSE,FALSE
GrupoT,w27,134,-1,NA,NA,Double free detected,FALSE,FALSE,FALSE
GrupoT,w28,134,-1,NA,NA,Double free detected,FALSE,FALSE,FALSE
GrupoT,w29,134,-1,NA,NA,Double free detected,FALSE,FALSE,FALSE
GrupoT,w30,134,-1,NA,NA,Double free detected,FALSE,FALSE,FALSE
GrupoT,w31,134,-1,NA,NA,Double free detected,FALSE,FALSE,FALSE
GrupoT,w32,134,-1,NA,NA,Double free detected,FALSE,FALSE,FALSE
GrupoT,w33,134,-1,NA,NA,Double free detected,FALSE,FALSE,FALSE
GrupoT,w34,134,-1,NA,NA,Double free detected,FALSE,FALSE,FALSE
GrupoT,w35,134,-1,NA,NA,Double free detected,FALSE,FALSE,FALSE
GrupoT,w36,134,-1,NA,NA,Double free detected,FALSE,FALSE,FALSE
GrupoT,w37,134,-1,NA,NA,Double free detected,FALSE,FALSE,FALSE
GrupoT,w38,134,-1,NA,NA,Double free detected,FALSE,FALSE,FALSE
GrupoT,w39,134,-1,NA,NA,Double free detected,FALSE,FALSE,FALSE
GrupoT,w40,134,-1,NA,NA,Double free detected,FALSE,FALSE,FALSE
GrupoT,w41,134,-1,NA,NA,Double free detected,FALSE,FALSE,FALSE
GrupoT,w42,134,-1,NA,NA,Double free detected,FALSE,FALSE,FALSE
GrupoT,w43,134,-1,NA,NA,Double free detected,FALSE,FALSE,FALSE
GrupoT,w44,134,-1,NA,NA,Double free detected,FALSE,FALSE,FALSE
GrupoT,w45,134,-1,NA,NA,Double free detected,FALSE,FALSE,FALSE
GrupoT,w46,134,-1,NA,NA,Double free detected,FALSE,FALSE,FALSE
GrupoT,w47,134,-1,NA,NA,Double free detected,FALSE,FALSE,FALSE
GrupoT,w48,134,-1,NA,NA,Double free detected,FALSE,FALSE,FALSE
GrupoT,w49,134,-1,NA,NA,Double free detected,FALSE,FALSE,FALSE
GrupoT,w50,134,-1,NA,NA,Double free detected,FALSE,FALSE,FALSE
GrupoT,w51,134,-1,NA,NA,Double free detected,FALSE,FALSE,FALSE
GrupoT,w52,134,-1,NA,NA,Double free detected,FALSE,FALSE,FALSE
GrupoT,w53,134,-1,NA,NA,Double free detected,FALSE,FALSE,FALSE
GrupoT,w54,134,-1,NA,NA,Double free detected,FALSE,FALSE,FALSE
GrupoT,w55,134,-1,NA,NA,Double free detected,FALSE,FALSE,FALSE
GrupoT,w56,134,-1,NA,NA,Double free detected,FALSE,FALSE,FALSE
GrupoT,w57,134,-1,NA,NA,Double free detected,FALSE,FALSE,FALSE
GrupoT,w58,134,-1,NA,NA,Double free detected,FALSE,FALSE,FALSE
GrupoT,w59,134,-1,NA,NA,Double free detected,FALSE,FALSE,FALSE
GrupoT,w60,134,-1,NA,NA,Double free detected,FALSE,FALSE,FALSE
GrupoT,w61,134,-1,NA,NA,Double free detected,FALSE,FALSE,FALSE
GrupoT,w62,134,-1,NA,NA,Double free detected,FALSE,FALSE,FALSE
GrupoT,w63,134,-1,NA,NA,Double free detected,FALSE,FALSE,FALSE
GrupoT,w64,134,-1,NA,NA,Double free detected,FALSE,FALSE,FALSE
GrupoT,w65,134,-1,NA,NA,Double free detected,FALSE,FALSE,FALSE
GrupoT,w66,134,-1,NA,NA,Double free detected,FALSE,FALSE,FALSE
GrupoT,w67,134,-1,NA,NA,Double free detected,FALSE,FALSE,FALSE
GrupoT,w68,134,-1,NA,NA,Double free detected,FALSE,FALSE,FALSE
GrupoT,w69,134,-1,NA,NA,Double free detected,FALSE,FALSE,FALSE
GrupoT,w70,134,-1,NA,NA,Double free detected,FALSE,FALSE,FALSE
GrupoT,w71,134,-1,NA,NA,Double free detected,FALSE,FALSE,FALSE
GrupoT,w72,134,-1,NA,NA,Double free detected,FALSE,FALSE,FALSE
GrupoT,w73,134,-1,NA,NA,Double free detected,FALSE,FALSE,FALSE
GrupoT,w74,134,-1,NA,NA,Double free detected,FALSE,FALSE,FALSE
GrupoT,w75,134,-1,NA,NA,Double free detected,FALSE,FALSE,FALSE
GrupoT,w76,134,-1,NA,NA,Double free detected,FALSE,FALSE,FALSE
GrupoT,w77,134,-1,NA,NA,Double free detected,FALSE,FALSE,FALSE
GrupoT,w78,134,-1,NA,NA,Double free detected,FALSE,FALSE,FALSE
